Date,Portfolio Return
2015-01-05,-0.019483296390713452
2015-01-06,-0.0056032484967549
2015-01-07,0.014929452878816881
2015-01-08,0.020986161897444393
2015-01-09,-0.008746848954116914
2015-01-12,-0.009649863997172341
2015-01-13,-0.00021494876076026274
2015-01-14,-0.015812046689408915
2015-01-15,-0.014493474372300173
2015-01-16,0.00795625666876087
2015-01-20,-0.0012613062471264439
2015-01-21,0.004967296104767619
2015-01-22,0.02056201540644333
2015-01-23,-0.008702004806533582
2015-01-26,0.0028130546274475377
2015-01-27,-0.01395899388881948
2015-01-28,-0.002709855170660064
2015-01-29,0.012810967001897414
2015-01-30,-0.018785639192117558
2015-02-02,0.014234266456049327
2015-02-03,0.014210386563367164
2015-02-04,-0.0021746403263956378
2015-02-05,0.008352899031760983
2015-02-06,-0.0011256445247147609
2015-02-09,-0.004488966640118817
2015-02-10,0.009388690434938817
2015-02-11,0.0019104752210288235
2015-02-12,0.005773593859115596
2015-02-13,0.005618935739798923
2015-02-17,0.003901535067193805
2015-02-18,-0.005182818723685877
2015-02-19,-0.009279166619085918
2015-02-20,0.00703904260187286
2015-02-23,0.003501949862200988
2015-02-24,0.004904733408779284
2015-02-25,-0.00602160487943751
2015-02-26,0.005826682052596855
2015-02-27,-0.004956939954913319
2015-03-02,0.0030211969502893965
2015-03-03,-0.002792390731029272
2015-03-04,-0.005042937546857626
2015-03-05,-0.0012866607549866622
2015-03-06,-0.012479830676468977
2015-03-09,0.003657862967547753
2015-03-10,-0.015867768692036797
2015-03-11,-0.008358420048887946
2015-03-12,0.014063552382912976
2015-03-13,-0.004767605815661621
2015-03-16,0.014051690406535375
2015-03-17,-0.0022294326697142163
2015-03-18,0.010166699977567972
2015-03-19,-0.009025313331751796
2015-03-20,0.004489960206036749
2015-03-23,0.003643551512174837
2015-03-24,-0.0076470265805311565
2015-03-25,-0.01534245529725484
2015-03-26,0.0011489973114056638
2015-03-27,-0.004339634935908696
2015-03-30,0.01994514834119122
2015-03-31,-0.00865274620475898
2015-04-01,-0.008740067180648774
2015-04-02,0.004503812871807216
2015-04-06,0.00509486550320818
2015-04-07,0.000777053768206764
2015-04-08,-0.0024353188378742267
2015-04-09,0.0062331860873630135
2015-04-10,0.004664074162575445
2015-04-13,-0.0034912483745424983
2015-04-14,0.004519205975670871
2015-04-15,0.006936752518425778
2015-04-16,-0.005850503525719818
2015-04-17,-0.011058767126218193
2015-04-20,0.009027143744334637
2015-04-21,-0.005124011306955221
2015-04-22,0.00759962813647518
2015-04-23,0.0034385386307582673
2015-04-24,0.0019587075788826042
2015-04-27,0.0015187668551838393
2015-04-28,-0.0010810890208810483
2015-04-29,-0.004158801733211086
2015-04-30,-0.010458896905976142
2015-05-01,0.014335478143268859
2015-05-04,0.0053864535190186955
2015-05-05,-0.011410153480896626
2015-05-06,-0.004506347381677159
2015-05-07,0.003836421438626486
2015-05-08,0.01503722911297743
2015-05-11,-0.007504484728978556
2015-05-12,0.0003490549613053369
2015-05-13,-0.0019416224642694107
2015-05-14,0.01161803247407743
2015-05-15,0.002034929796049239
2015-05-18,0.0068318213469635595
2015-05-19,-0.0050518738000319904
2015-05-20,-0.0032807264035154865
2015-05-21,0.002767780870809013
2015-05-22,-0.00257152165856268
2015-05-26,-0.013398514657115354
2015-05-27,0.007504635974275854
2015-05-28,-0.0021012485164346576
2015-05-29,-0.00714276696098273
2015-06-01,0.0021630781765159903
2015-06-02,-0.001812050853928564
2015-06-03,0.003101134840631495
2015-06-04,-0.007546050621110042
2015-06-05,-0.0014729963990521198
2015-06-08,-0.004309650154313486
2015-06-09,-0.00020249553688240934
2015-06-10,0.009906448413576853
2015-06-11,0.000756175572136934
2015-06-12,-0.008722586063595127
2015-06-15,-0.00481499830421641
2015-06-16,0.007267281779474271
2015-06-17,0.0004278340066458945
2015-06-18,0.008466296167691218
2015-06-19,-0.006689622466436372
2015-06-22,0.005137552870460407
2015-06-23,0.0001351210913775274
2015-06-24,-0.0025132327152248748
2015-06-25,-0.005566452832008214
2015-06-26,0.0010498447685191434
2015-06-29,-0.017566882304210826
2015-06-30,0.0027502629163516402
2015-07-01,0.00703216998263876
2015-07-02,-0.0005012066972165992
2015-07-06,-0.0016596980301668274
2015-07-07,0.0028371121609369475
2015-07-08,-0.01632086102484276
2015-07-09,-0.0027113016125893076
2015-07-10,0.01354202355926794
2015-07-13,0.011473346093558755
2015-07-14,0.0033243471064941747
2015-07-15,0.00284566183391849
2015-07-16,0.006338144061395179
2015-07-17,-0.0027451715945716647
2015-07-20,0.002664994672591979
2015-07-21,-0.004029718466404661
2015-07-22,-0.006013871953945978
2015-07-23,-0.0044452600265253005
2015-07-24,-0.01049951638682019
2015-07-27,-0.009912958866711272
2015-07-28,0.01160800640117748
2015-07-29,0.005330501540412491
2015-07-30,-0.0010598440654600748
2015-07-31,-0.0117764232732781
2015-08-03,-0.007848906656538557
2015-08-04,-0.009726562276266231
2015-08-05,0.008067795007898214
2015-08-06,-0.0037053730223105675
2015-08-07,-0.006994970745181938
2015-08-10,0.017563656604032005
2015-08-11,-0.015719971471869522
2015-08-12,0.003993611404971248
2015-08-13,-0.0010655985998391994
2015-08-14,0.0033439330504594004
2015-08-17,0.004778942847054699
2015-08-18,-0.009703760879726396
2015-08-19,-0.011132216309805452
2015-08-20,-0.015561206520533407
2015-08-21,-0.03797373037140116
2015-08-24,-0.039145258176606745
2015-08-25,-0.00700170122771615
2015-08-26,0.04716404590997055
2015-08-27,0.023318028996216395
2015-08-28,-0.005098168365410568
2015-08-31,-0.0038273136266236602
2015-09-01,-0.03399991933053145
2015-09-02,0.020765832842200755
2015-09-03,-0.002698256822756591
2015-09-04,-0.015245824804594466
2015-09-08,0.026944560338288633
2015-09-09,-0.018553083123378313
2015-09-10,0.006418514094157926
2015-09-11,0.00524101262199058
2015-09-14,0.0009850693268497444
2015-09-15,0.009517615193889805
2015-09-16,0.007070524956170119
2015-09-17,-0.009941173242822546
2015-09-18,-0.0174499072407092
2015-09-21,0.007600133544462505
2015-09-22,-0.007330926105143532
2015-09-23,-0.0003591222391967605
2015-09-24,0.00012346377988128334
2015-09-25,0.0017820449175203472
2015-09-28,-0.011125257326504387
2015-09-29,-0.0026323310212976072
2015-09-30,0.013530073436400197
2015-10-01,-0.0024620360704440767
2015-10-02,0.008975128968740123
2015-10-05,0.011470920786197769
2015-10-06,0.0004286759325853077
2015-10-07,0.007409010222023186
2015-10-08,0.000962301815172545
2015-10-09,0.002816994515323475
2015-10-12,0.00023784540532621772
2015-10-13,-0.0021992910257939598
2015-10-14,-0.02566188390997528
2015-10-15,0.01714454657268775
2015-10-16,0.0038412487872058984
2015-10-19,-0.00366678527279026
2015-10-20,0.003777948021037421
2015-10-21,-0.003332245855788602
2015-10-22,0.018473741238386698
2015-10-23,0.00971217156545937
2015-10-26,-0.012984694445833127
2015-10-27,-0.003516116296392018
2015-10-28,0.01955372697880351
2015-10-29,0.003967727501511315
2015-10-30,-0.00661759548462714
2015-11-02,0.016792533387186604
2015-11-03,0.007860173649658568
2015-11-04,-0.002238404290148972
2015-11-05,-0.00037899376112859716
2015-11-06,0.0058766789496163445
2015-11-09,-0.011557951825387719
2015-11-10,-0.003731954504597995
2015-11-11,-0.006001347967816735
2015-11-12,-0.015495121937674508
2015-11-13,-0.013578695453613107
2015-11-16,0.020119164854117858
2015-11-17,0.0012317932829837934
2015-11-18,0.018251901892562993
2015-11-19,0.0016377297919713055
2015-11-20,-0.0006197800475365087
2015-11-23,-0.0030364672867536397
2015-11-24,0.0032134472759916795
2015-11-25,-0.0022015607556305165
2015-11-27,0.0005562792601121877
2015-11-30,-0.004628152083342793
2015-12-01,0.004501492680857747
2015-12-02,-0.011757127779210808
2015-12-03,-0.008639797761272727
2015-12-04,0.021688807535788238
2015-12-07,-0.00640055669675295
2015-12-08,-0.01284163584943187
2015-12-09,-0.006299129730360026
2015-12-10,0.0038652755712681027
2015-12-11,-0.01706623779067158
2015-12-14,0.006989060179575814
2015-12-15,0.012716126567065451
2015-12-16,0.009898813475470223
2015-12-17,-0.018432888815420732
2015-12-18,-0.018050830545980803
2015-12-21,0.007614647150576337
2015-12-22,0.006157871114943907
2015-12-23,0.015411372094270032
2015-12-24,-0.0037901504363625407
2015-12-28,-0.005794352009452147
2015-12-29,0.011022412680374506
2015-12-30,-0.007261344917859135
2015-12-31,-0.009603968903347554
2016-01-04,-0.012312197877938814
2016-01-05,0.00134494119661291
2016-01-06,-0.00837857147454228
2016-01-07,-0.019599554802499117
2016-01-08,-0.01409385867158719
2016-01-11,0.0009718096389072439
2016-01-12,0.007119911373818993
2016-01-13,-0.01759347101827318
2016-01-14,0.023574415986128906
2016-01-15,-0.020371937241828175
2016-01-19,-0.00126120644023945
2016-01-20,-0.02234343098812105
2016-01-21,0.003652582911791169
2016-01-22,0.027601902704978462
2016-01-25,-0.014266700646527446
2016-01-26,0.02538514280619373
2016-01-27,-0.015372573271895947
2016-01-28,0.007540501207916564
2016-01-29,0.0273258214125114
2016-02-01,-0.00513281174553966
2016-02-02,-0.018695129535624473
2016-02-03,0.014915646511904404
2016-02-04,0.008336403162917281
2016-02-05,-0.0128112046716959
2016-02-08,0.0032266139078948107
2016-02-09,-0.0051038106826832245
2016-02-10,-0.006397116392112226
2016-02-11,-0.010944244699926694
2016-02-12,0.022982892348429425
2016-02-16,0.009367651945503716
2016-02-17,0.007365019534651599
2016-02-18,-0.0075807681210266235
2016-02-19,0.002572859530447793
2016-02-22,0.007912288078248451
2016-02-23,-0.015329486005626627
2016-02-24,0.007263305946080152
2016-02-25,0.011084881855092533
2016-02-26,-0.0036898072264708198
2016-02-29,-0.01047786321371275
2016-03-01,0.02543077806005109
2016-03-02,0.004779364776028175
2016-03-03,0.0004718448308151864
2016-03-04,0.004349399932690927
2016-03-07,0.00581385838066964
2016-03-08,-0.010745653022742522
2016-03-09,0.0020956269293051647
2016-03-10,-0.0018796044618050486
2016-03-11,0.005309621741759698
2016-03-14,0.0006509280115600728
2016-03-15,0.0073570545107054545
2016-03-16,0.0008966916272158399
2016-03-17,-0.0007776287705026386
2016-03-18,0.006724110981650184
2016-03-21,0.0006591653571819807
2016-03-22,0.001946056721770504
2016-03-23,-0.00175323223915131
2016-03-24,-0.000968232252339367
2016-03-28,-0.0005108359106610498
2016-03-29,0.005945176732939163
2016-03-30,0.00749507522451844
2016-03-31,-0.007282927646555625
2016-04-01,0.006117560389753751
2016-04-04,0.0007272246060504268
2016-04-05,-0.008011026151278628
2016-04-06,0.008266390743818864
2016-04-07,-0.014332895880528374
2016-04-08,0.0028946976410828807
2016-04-11,0.0006186591675396449
2016-04-12,0.01359124814239065
2016-04-13,0.014006335023386472
2016-04-14,0.0032362285136775053
2016-04-15,-0.006391936914119119
2016-04-18,0.0021565742808763656
2016-04-19,0.006687843575394481
2016-04-20,0.00523201762474762
2016-04-21,-0.006131204021945195
2016-04-22,0.0024642392382678295
2016-04-25,-0.0006146537598867059
2016-04-26,-0.0012035450262311016
2016-04-27,-0.009836467340370412
2016-04-28,-0.010255749421354191
2016-04-29,-0.008487981973003903
2016-05-02,0.006672005022363955
2016-05-03,-0.005178359306779726
2016-05-04,-0.006201937134777792
2016-05-05,-0.00023429241718805357
2016-05-06,0.0036305414755181255
2016-05-09,0.002695770934332687
2016-05-10,0.008869190843759438
2016-05-11,-0.008851277012242594
2016-05-12,-0.001524911587415218
2016-05-13,-0.010194123108562032
2016-05-16,0.014808488875064705
2016-05-17,-0.004404458720062167
2016-05-18,0.004412851962724214
2016-05-19,0.012394735041591944
2016-05-20,0.004321863491096053
2016-05-23,-3.9930513724251546e-05
2016-05-24,0.009429938384207711
2016-05-25,0.009703530238183895
2016-05-26,-0.001173014042946816
2016-05-27,0.0017537674483412155
2016-05-31,-0.004340810711495731
2016-06-01,-0.0012415541884560621
2016-06-02,0.0018999751337650452
2016-06-03,-0.003509595509953663
2016-06-06,0.008076760667635217
2016-06-07,0.002972702311638006
2016-06-08,0.001371812817935002
2016-06-09,0.0013270291974497744
2016-06-10,-0.0059149099873100535
2016-06-13,-0.0052017351662400815
2016-06-14,-0.002395330691965511
2016-06-15,-0.0025870424665707967
2016-06-16,0.0048984930550380916
2016-06-17,-0.008292654549301058
2016-06-20,0.0032677444873281695
2016-06-21,0.004529828337049019
2016-06-22,-0.0010232452751360503
2016-06-23,0.009533334618454058
2016-06-24,-0.029234276751584767
2016-06-27,-0.009858899810922962
2016-06-28,0.01761379285580634
2016-06-29,0.015156107469072526
2016-06-30,0.013420484996657503
2016-07-01,-0.001073799631929087
2016-07-05,-0.0064135765654798815
2016-07-06,0.007856269347472383
2016-07-07,-0.001427680646335611
2016-07-08,0.008141111364188077
2016-07-11,0.0034283365796107454
2016-07-12,0.0042655027034839725
2016-07-13,-0.0003073530125977097
2016-07-14,0.007264408511444224
2016-07-15,0.0001292592509328368
2016-07-18,0.001204485610391297
2016-07-19,0.0026147888235159267
2016-07-20,-0.0006947039531643184
2016-07-21,-0.0025091196945405342
2016-07-22,-8.151950224882226e-05
2016-07-25,-0.006698024313448157
2016-07-26,-0.0013941990925577226
2016-07-27,0.008989245211652435
2016-07-28,-0.000552599622306155
2016-07-29,-0.0025280708758048556
2016-08-01,-0.0017386142989192447
2016-08-02,-0.0033394370452434863
2016-08-03,0.004341611697083251
2016-08-04,0.0016051435643103875
2016-08-05,0.010441094646912796
2016-08-08,0.0010963858383098235
2016-08-09,0.0003424812905138614
2016-08-10,-0.004704981145278735
2016-08-11,0.0015551991152138876
2016-08-12,0.0016295051100022387
2016-08-15,0.00046753938769947473
2016-08-16,-0.004748947558773518
2016-08-17,0.0026626075512234384
2016-08-18,0.0037447345042953095
2016-08-19,-0.005669413568533999
2016-08-22,-0.0030925640750628855
2016-08-23,-0.0011844449113531856
2016-08-24,-0.0010537261132504857
2016-08-25,-0.004332266731338326
2016-08-26,-0.00036250762451887637
2016-08-29,0.0056952172791043315
2016-08-30,-0.0015098443639513833
2016-08-31,-0.0005992653816594218
2016-09-01,0.0023408876413734303
2016-09-02,0.0036427805424158136
2016-09-06,0.004285418472404396
2016-09-07,-0.0028783041943340466
2016-09-08,-0.003886855633846021
2016-09-09,-0.01721475726577429
2016-09-12,0.012253877237592732
2016-09-13,-0.005860030953466977
2016-09-14,0.005840863065918371
2016-09-15,0.012239212216352586
2016-09-16,-0.005707644369690115
2016-09-19,-0.004651777550377306
2016-09-20,-0.001709770150326885
2016-09-21,0.00522144095995118
2016-09-22,0.005454876234152883
2016-09-23,-0.0051558736322262185
2016-09-26,-0.008976719224342962
2016-09-27,0.0071021531104104715
2016-09-28,0.009723730373261815
2016-09-29,-0.014110762743649155
2016-09-30,0.011292510080602837
2016-10-03,-0.0006639669561077999
2016-10-04,0.00036199899269875066
2016-10-05,0.005704171279333117
2016-10-06,-0.004012714340812892
2016-10-07,-0.00017619939483487355
2016-10-10,0.008338939587450866
2016-10-11,-0.007601306663512241
2016-10-12,0.0007629125065760984
2016-10-13,-0.0007887016012295161
2016-10-14,-0.000405128250065426
2016-10-17,-1.857454714275872e-05
2016-10-18,-0.002333975442207975
2016-10-19,0.0007977903830610404
2016-10-20,-0.00014512780550088653
2016-10-21,-0.0050403417385239055
2016-10-24,0.006060230706232983
2016-10-25,0.0015075160134812267
2016-10-26,-0.0012435767061806607
2016-10-27,0.0006921605483523131
2016-10-28,-0.006763016906924167
2016-10-31,-0.0016993315344394366
2016-11-01,-0.0068968976001152465
2016-11-02,-0.0017805220816692667
2016-11-03,-0.001945728930366986
2016-11-04,-0.005015050629842827
2016-11-07,0.018383752595398546
2016-11-08,0.0037769375311246293
2016-11-09,0.02113037943436139
2016-11-10,0.006101780245529876
2016-11-11,-0.004065415623105068
2016-11-14,-0.002014994448438928
2016-11-15,0.006898734997391125
2016-11-16,-0.0033169331050104706
2016-11-17,-0.0038620150784613684
2016-11-18,-0.0029318395575480215
2016-11-21,0.007839820001234055
2016-11-22,-0.0005193487163464676
2016-11-23,0.0027679823289088606
2016-11-25,0.004207053993838143
2016-11-28,-0.005324576965558266
2016-11-29,-0.0003558379192897267
2016-11-30,0.0008869954422402101
2016-12-01,0.0037920523953471705
2016-12-02,0.0012623660297765551
2016-12-05,0.002538098129379854
2016-12-06,0.004129279130334082
2016-12-07,0.004009889994449662
2016-12-08,0.004839874055937348
2016-12-09,0.007441736062228525
2016-12-12,0.009840474988108168
2016-12-13,0.007805776911524033
2016-12-14,-0.006815944667934077
2016-12-15,0.006546533104387569
2016-12-16,-0.0025512409995488783
2016-12-19,0.0025982548880664094
2016-12-20,0.0036895589701483556
2016-12-21,-0.001355152637413395
2016-12-22,-0.0030374328490184854
2016-12-23,0.0013610539091054032
2016-12-27,0.0018229413935673168
2016-12-28,-0.005945171799640214
2016-12-29,-0.001179115413625362
2016-12-30,-0.0013405087010696026
2017-01-03,0.004787211940994965
2017-01-04,-0.0012539896377449955
2017-01-05,-0.001647167353531695
2017-01-06,-0.0009636703117532128
2017-01-09,-3.902512971234906e-05
2017-01-10,-0.0025961254755600257
2017-01-11,0.002929361964661565
2017-01-12,-0.005781127234916376
2017-01-13,-0.0008329749835946496
2017-01-17,-0.0024853749631396638
2017-01-18,-0.0020676137878973
2017-01-19,-0.007550995492456633
2017-01-20,0.0028620543164755894
2017-01-23,-0.00328438437049208
2017-01-24,0.0008829432973856516
2017-01-25,0.008564282227302262
2017-01-26,0.0007271321562627779
2017-01-27,0.000812472699133094
2017-01-30,-0.003403021438088471
2017-01-31,-0.005844472884217206
2017-02-01,0.010510589330377459
2017-02-02,0.001242196054936986
2017-02-03,0.008608859191853353
2017-02-06,-0.0003091350979633371
2017-02-07,0.0020503796642677334
2017-02-08,-0.0006677706992620836
2017-02-09,0.010010356704458276
2017-02-10,6.480157324786883e-05
2017-02-13,0.006927084382361917
2017-02-14,0.009382088282663743
2017-02-15,0.006012755517935274
2017-02-16,-0.0002443555241942815
2017-02-17,0.0010694718791837655
2017-02-21,0.009858324710163827
2017-02-22,-0.0007867762548399316
2017-02-23,0.0038494280695753613
2017-02-24,0.0019491856628982929
2017-02-27,-0.0002946803363733163
2017-02-28,-0.0018075806987603606
2017-03-01,0.01809088488726222
2017-03-02,-0.004646328580966809
2017-03-03,0.00030988409042189135
2017-03-06,-0.0029158347228311313
2017-03-07,-0.0015772685833281884
2017-03-08,-0.0029369239071265706
2017-03-09,0.005049125120962541
2017-03-10,0.0007394944868789366
2017-03-13,0.0004424746490482412
2017-03-14,0.0014782591902549338
2017-03-15,0.007858203887320156
2017-03-16,-0.0008856878069317865
2017-03-17,-0.005757828102440762
2017-03-20,0.000711695099191592
2017-03-21,-0.011974552166404678
2017-03-22,0.0018345561374306133
2017-03-23,-0.0024414053255219286
2017-03-24,-0.003224979032580873
2017-03-27,0.0009410826251547177
2017-03-28,0.010850303466024171
2017-03-29,-0.000462110449651245
2017-03-30,0.0064201452551038984
2017-03-31,-0.006241522464035341
2017-04-03,-0.001005023170178335
2017-04-04,0.0034737067936784346
2017-04-05,-0.004615625743309942
2017-04-06,0.0011567627856751803
2017-04-07,0.0009776051846112764
2017-04-10,-0.001062562259953886
2017-04-11,-0.0028971640643111933
2017-04-12,0.0016254569788920678
2017-04-13,-0.007888529141416207
2017-04-17,0.007185310758330903
2017-04-18,-0.009934699784404593
2017-04-19,-0.004373950375047464
2017-04-20,0.00941398562030621
2017-04-21,-0.003759649866115749
2017-04-24,0.013150105772579756
2017-04-25,0.00624597346814589
2017-04-26,-0.0005881592166076859
2017-04-27,-0.0020044446081731496
2017-04-28,-0.002191212993472592
2017-05-01,0.005502950604130886
2017-05-02,0.0010799301742792416
2017-05-03,0.0018175851974262106
2017-05-04,-0.0003617408464404501
2017-05-05,0.003870592144106573
2017-05-08,0.007088386171027116
2017-05-09,0.0006041354400139873
2017-05-10,0.0017943678667369563
2017-05-11,0.0021461215896914727
2017-05-12,0.00245383673901474
2017-05-15,0.007715761530170891
2017-05-16,-0.0011836706857347753
2017-05-17,-0.020317481276875497
2017-05-18,0.0077410806829488815
2017-05-19,0.005986198945251982
2017-05-22,0.0018992064948358438
2017-05-23,0.0034846552036441173
2017-05-24,-0.00210707890854063
2017-05-25,0.000557328184597785
2017-05-26,-0.002137141755948532
2017-05-30,-0.004447200213771187
2017-05-31,-0.004609974862331451
2017-06-01,0.006920225427557243
2017-06-02,0.0018686132451830935
2017-06-05,0.0009937380277634867
2017-06-06,0.0014430289010533533
2017-06-07,0.0037789144821712218
2017-06-08,0.0009404121964725913
2017-06-09,0.0016845945136354165
2017-06-12,-0.003816422432718019
2017-06-13,0.003556183621906693
2017-06-14,-0.002383624046390783
2017-06-15,-0.003967831207148698
2017-06-16,-0.007141265266939732
2017-06-19,0.010219972958807543
2017-06-20,-0.004103054714959594
2017-06-21,0.0011418678590739586
2017-06-22,-0.0008947349622001288
2017-06-23,0.0008346718511643617
2017-06-26,0.0008126150835747907
2017-06-27,-0.0024439062036558123
2017-06-28,0.007950540592748608
2017-06-29,-0.004373463545801601
2017-06-30,0.00018581490218726982
2017-07-03,0.007248340709835662
2017-07-05,0.0022386150753090864
2017-07-06,-0.005840834827553459
2017-07-07,0.003468417067072717
2017-07-10,-0.0064293762056914765
2017-07-11,0.0005224191524191605
2017-07-12,0.002725749846840449
2017-07-13,0.00637685614687608
2017-07-14,0.003990479656712464
2017-07-17,-0.003015428262340498
2017-07-18,0.002880278364806122
2017-07-19,0.0028252218314471227
2017-07-20,0.001497096039605487
2017-07-21,-0.004130463901568472
2017-07-24,0.0010854289897108454
2017-07-25,0.00724345208965535
2017-07-26,-0.001834010786882419
2017-07-27,-0.0030353750422132293
2017-07-28,-0.002924603555084079
2017-07-31,0.0028391221363804186
2017-08-01,0.006241508456770158
2017-08-02,0.011172751571260933
2017-08-03,-0.0016113195208881334
2017-08-04,0.002776876899571659
2017-08-07,0.005515054591114584
2017-08-08,0.0002838265747839873
2017-08-09,0.004065117647419151
2017-08-10,-0.014153826076178032
2017-08-11,-0.0007124895469166936
2017-08-14,0.007649796005904218
2017-08-15,0.002879732635440697
2017-08-16,-0.0020507654316352275
2017-08-17,-0.015088431535080429
2017-08-18,-0.001029750865220583
2017-08-21,0.0008970480066451346
2017-08-22,0.009674688142634388
2017-08-23,-0.002814414044653654
2017-08-24,-0.00504911718205339
2017-08-25,0.0025872665664292164
2017-08-28,0.00010317947333777636
2017-08-29,0.003014853315204667
2017-08-30,-0.0017220919618159193
2017-08-31,0.0014617751136585203
2017-09-01,0.0011118695918896154
2017-09-05,-0.0067282358213967925
2017-09-06,0.006133938747326223
2017-09-07,-0.0022091538198175066
2017-09-08,-0.009102083883689079
2017-09-11,0.012848335679074138
2017-09-12,0.0025405610907449565
2017-09-13,-0.00042380192555879976
2017-09-14,0.0004891223965192353
2017-09-15,0.005883616600645313
2017-09-18,0.002421046774805706
2017-09-19,0.0028604253249791033
2017-09-20,-0.003924609892858446
2017-09-21,-0.007395707688755739
2017-09-22,-0.004257166901919401
2017-09-25,-0.0030587016628290677
2017-09-26,0.0027168171009272065
2017-09-27,0.00447701481516584
2017-09-28,-0.0006039857179233966
2017-09-29,0.0005019374095862563
2017-10-02,0.004975732871944299
2017-10-03,0.005488545648749123
2017-10-04,-0.003039334296896015
2017-10-05,0.007772430300108252
2017-10-06,-0.0018920107777404796
2017-10-09,0.0033520783049738757
2017-10-10,0.010003559915919375
2017-10-11,0.00813599571615311
2017-10-12,-0.002324591641848424
2017-10-13,0.0014269793344976335
2017-10-16,0.007859921492912593
2017-10-17,0.008180226180057312
2017-10-18,-0.00014324340102868984
2017-10-19,-0.002711869699735303
2017-10-20,0.007091909549072819
2017-10-23,0.00378134441249119
2017-10-24,0.001467659007037479
2017-10-25,0.0007691428132647123
2017-10-26,0.003172523158636656
2017-10-27,0.0075368752019041715
2017-10-30,-0.0009572022488391909
2017-10-31,0.0006906834183408079
2017-11-01,0.0006686795931014276
2017-11-02,0.004276833086061814
2017-11-03,0.006860970843295022
2017-11-06,-0.00040815833390857786
2017-11-07,-0.0040712951601801035
2017-11-08,0.0037202056900516663
2017-11-09,-0.0010384192445769466
2017-11-10,-0.001605053382217441
2017-11-13,0.00023072064708037744
2017-11-14,-0.006483799076319572
2017-11-15,-0.005554411608928135
2017-11-16,0.019799428577075163
2017-11-17,-0.007846104319960247
2017-11-20,0.002364326995652344
2017-11-21,0.003609101208430354
2017-11-22,0.00044726487108545524
2017-11-24,0.001215975820331291
2017-11-27,-0.001323961005626716
2017-11-28,0.011055915177874827
2017-11-29,0.002967709532471286
2017-11-30,0.0055684521857968855
2017-12-01,0.0010116896232386003
2017-12-04,0.0016853026715247972
2017-12-05,-0.0019163639604181343
2017-12-06,-0.0027304303431136914
2017-12-07,-0.0013914406380279931
2017-12-08,0.003858152972915719
2017-12-11,0.005805095701683612
2017-12-12,0.0028986712787805414
2017-12-13,0.00044189531163921756
2017-12-14,-0.0053771395057910405
2017-12-15,0.007252186016744469
2017-12-18,0.005508960777333155
2017-12-19,-0.0028645764750265413
2017-12-20,-0.0014019232097421046
2017-12-21,0.005171800456279088
2017-12-22,-0.0017898002656224173
2017-12-26,-0.005329581708588259
2017-12-27,0.0012518843667688071
2017-12-28,0.0024294431036632875
2017-12-29,-0.007495413609840095
2018-01-02,0.007798885818391138
2018-01-03,0.006380211527406362
2018-01-04,0.005046756779290484
2018-01-05,0.0034942497591622444
2018-01-08,0.00295486854630518
2018-01-09,0.0017448834542512855
2018-01-10,0.00016724845212428148
2018-01-11,0.005797609510348023
2018-01-12,0.010326324909108982
2018-01-16,-0.0017408777462502947
2018-01-17,0.010572869654876138
2018-01-18,0.002505756762673622
2018-01-19,-0.0009459712012327378
2018-01-22,0.0053792243157134425
2018-01-23,-0.008040896392892289
2018-01-24,0.0002447513071274489
2018-01-25,0.00039689786808821986
2018-01-26,0.007171276861198231
2018-01-29,-0.006685362832451908
2018-01-30,-0.010516830706068367
2018-01-31,-0.005089210124698339
2018-02-01,0.006786401140041746
2018-02-02,-0.027994126061068682
2018-02-05,-0.04522236550731935
2018-02-06,0.018375424046901154
2018-02-07,-0.0024127910325308166
2018-02-08,-0.03265492603959228
2018-02-09,0.012505236892098474
2018-02-12,0.015477737277067746
2018-02-13,0.005820292188773854
2018-02-14,0.011553914330424247
2018-02-15,0.013209962093297308
2018-02-16,0.0032629500021483997
2018-02-20,-0.02404105124875196
2018-02-21,-0.007386681236355947
2018-02-22,0.0053330390990535695
2018-02-23,0.01579234156387153
2018-02-26,0.01198326796109107
2018-02-27,-0.009717954500076764
2018-02-28,-0.01306638820848629
2018-03-01,-0.01575139667722983
2018-03-02,0.0037316413553309872
2018-03-05,0.00989765059957466
2018-03-06,-0.00406057166521624
2018-03-07,-0.007737634690796159
2018-03-08,0.008135979904550818
2018-03-09,0.016802761591245587
2018-03-12,-0.00027133997516673957
2018-03-13,-0.0040323507381783055
2018-03-14,-0.010888793793304036
2018-03-15,0.0031861137171417453
2018-03-16,0.004672502515463043
2018-03-19,-0.015716127323605947
2018-03-20,0.0022500844657595263
2018-03-21,-0.0030289314556573733
2018-03-22,-0.025585485237289613
2018-03-23,-0.020869757442143904
2018-03-26,0.028844021048009576
2018-03-27,-0.015123993120244926
2018-03-28,-0.001083762407230184
2018-03-29,0.013273422973200784
2018-04-02,-0.021252113513852595
2018-04-03,0.017526617865982676
2018-04-04,0.012285827275421548
2018-04-05,0.008764739730756243
2018-04-06,-0.021124791999551595
2018-04-09,0.00698348802932786
2018-04-10,0.014984074998150394
2018-04-11,-0.007094363634220051
2018-04-12,0.009128595999445986
2018-04-13,-0.004358474664345996
2018-04-16,0.005662879535860588
2018-04-17,0.003064749058255387
2018-04-18,-0.005992828076618413
2018-04-19,-0.00035445412785458307
2018-04-20,-0.014182484902565464
2018-04-23,-0.0023905332839532683
2018-04-24,-0.006870518351487018
2018-04-25,0.004011146227075397
2018-04-26,0.006758767436978959
2018-04-27,-0.0106134315715967
2018-04-30,0.0019663590696113765
2018-05-01,0.0013383889083551416
2018-05-02,0.0023003971996049502
2018-05-03,-0.0026342736680340876
2018-05-04,0.017416510008077937
2018-05-07,0.0009906522677016498
2018-05-08,0.00486213393677213
2018-05-09,0.007401491815434554
2018-05-10,0.011772741805680633
2018-05-11,0.002605879959459762
2018-05-14,0.0005138645254957867
2018-05-15,-0.00560941963048797
2018-05-16,0.006677832518817192
2018-05-17,-0.007868540679995244
2018-05-18,-0.0073305593587539575
2018-05-21,0.006763949354383175
2018-05-22,-0.002869673437613683
2018-05-23,0.0013906332156836882
2018-05-24,-0.008645173411858649
2018-05-25,-0.004031397742296948
2018-05-29,-0.01642302552889752
2018-05-30,0.016337680090435472
2018-05-31,-0.009545681589859753
2018-06-01,0.012404099027811576
2018-06-04,0.006226102519286091
2018-06-05,-0.0020964004127391705
2018-06-06,0.01122666672805377
2018-06-07,0.003234875839059867
2018-06-08,-0.00038998543802757897
2018-06-11,-0.004321695523352641
2018-06-12,-0.0018171274469870574
2018-06-13,-0.004129655851804097
2018-06-14,-0.004813226852945792
2018-06-15,-0.0050034244905282485
2018-06-18,-0.002367370569107604
2018-06-19,-0.00300594921991072
2018-06-20,-0.00013160670939135153
2018-06-21,-0.0026352564231632717
2018-06-22,0.0010360188904890975
2018-06-25,-0.006444323965003987
2018-06-26,0.0036437564246293254
2018-06-27,-0.0019844744286789877
2018-06-28,0.005221193482976965
2018-06-29,-0.0024026178580748934
2018-07-02,0.0007181126833314847
2018-07-03,-0.004851430165665467
2018-07-05,0.007542960522922191
2018-07-06,0.00544652182985494
2018-07-09,0.015453454931217114
2018-07-10,0.0036055711812402846
2018-07-11,-0.008632926523106205
2018-07-12,0.007794516056446742
2018-07-13,-0.0003139458175732577
2018-07-16,0.006348019742466655
2018-07-17,0.007611703774479146
2018-07-18,-0.0011904846916548507
2018-07-19,-0.005630359118490804
2018-07-20,0.002199525535717772
2018-07-23,0.00557169627686497
2018-07-24,0.010929015681992345
2018-07-25,0.004631492122314017
2018-07-26,0.002419267114300465
2018-07-27,-0.0036539549665973964
2018-07-30,0.0021231819291705296
2018-07-31,-0.0029760714044775776
2018-08-01,0.01296554052100865
2018-08-02,0.00692581899476387
2018-08-03,0.005805989275287806
2018-08-06,0.001637159066143125
2018-08-07,-0.0003791350749490844
2018-08-08,-6.819929382503937e-05
2018-08-09,-0.0015023601146328142
2018-08-10,-0.002221338753450208
2018-08-13,-0.005590792460820094
2018-08-14,0.003550186650601935
2018-08-15,-0.0035844262163626747
2018-08-16,0.02516335529132311
2018-08-17,0.00718572101679292
2018-08-20,-0.0019249764312791178
2018-08-21,-0.0008669767833261653
2018-08-22,-0.0006627381775727466
2018-08-23,-0.0015231949230982403
2018-08-24,0.002354924129363422
2018-08-27,0.0071764023035628
2018-08-28,0.0024400603045262198
2018-08-29,0.004178773832923307
2018-08-30,0.0016053604373499797
2018-08-31,0.0005983341051041508
2018-09-04,0.00023538485568921688
2018-09-05,0.0035181271650779307
2018-09-06,-0.0060876417559604665
2018-09-07,-4.558001445480326e-06
2018-09-10,-0.0036418813812363394
2018-09-11,0.011575548013545899
2018-09-12,-0.0059532414059158476
2018-09-13,0.005643450973336256
2018-09-14,-0.0036836785900258916
2018-09-17,-0.004868260815912504
2018-09-18,0.003593564144096048
2018-09-19,0.008632573210944985
2018-09-20,0.007382197555213064
2018-09-21,-0.0026250247492349975
2018-09-24,-0.0012102433595976205
2018-09-25,-0.0013063019557553708
2018-09-26,-0.007784113041745414
2018-09-27,0.003805226238267209
2018-09-28,-0.00432516971981009
2018-10-01,0.007385361704127777
2018-10-02,0.006762344579111148
2018-10-03,0.0016037419775881878
2018-10-04,-0.0029448904494036466
2018-10-05,-0.008128803672859987
2018-10-08,0.004751862374852241
2018-10-09,0.006204796855335832
2018-10-10,-0.026965961810947684
2018-10-11,-0.023102914578784696
2018-10-12,0.008240146672043468
2018-10-15,-0.0099178507160738
2018-10-16,0.018835575661299946
2018-10-17,0.007187607482170339
2018-10-18,-0.01046340291410851
2018-10-19,0.004936310606094366
2018-10-22,-0.00365091395347482
2018-10-23,-0.0005460055435353411
2018-10-24,-0.02023175526872493
2018-10-25,0.014857112921351785
2018-10-26,-0.01151027661389035
2018-10-29,-0.0004254087848820739
2018-10-30,0.01717826854274174
2018-10-31,0.00908509178929488
2018-11-01,0.007269796063879993
2018-11-02,-0.016719666055052207
2018-11-05,-0.0016276212903582887
2018-11-06,0.005667139996198451
2018-11-07,0.01812464650745802
2018-11-08,0.0006835059264612873
2018-11-09,-0.006292135926230011
2018-11-12,-0.02234405566248925
2018-11-13,-0.006847051592993273
2018-11-14,-0.016262772288540395
2018-11-15,0.010639490158079955
2018-11-16,0.002758819117035854
2018-11-19,-0.006640837534994072
2018-11-20,-0.02735007515430354
2018-11-21,-0.007634106409710188
2018-11-23,-0.010000917689776356
2018-11-26,0.012139762549227261
2018-11-27,0.003211760866819194
2018-11-28,0.02287979948708396
2018-11-29,-0.003995336103085807
2018-11-30,0.0042214309713485935
2018-12-03,0.014241249758973208
2018-12-04,-0.030594326064687673
2018-12-06,-0.010346842429390319
2018-12-07,-0.0178290169008353
2018-12-10,-0.0040244727196860905
2018-12-11,-0.0018308188397574683
2018-12-12,0.0006497057556655331
2018-12-13,0.00527183817101347
2018-12-14,-0.03658216925114054
2018-12-17,-0.016275859741318847
2018-12-18,0.0007108001211001128
2018-12-19,-0.01844968275540858
2018-12-20,-0.01754984620571217
2018-12-21,-0.016860380962699144
2018-12-24,-0.028097171243893396
2018-12-26,0.04778614220759255
2018-12-27,0.005353550280725753
2018-12-28,-0.0010580862270283236
2018-12-31,0.009172709799740695
2019-01-02,0.0057740546753775575
2019-01-03,-0.03325730594029348
2019-01-04,0.02793883021586762
2019-01-07,0.0012067304141969062
2019-01-08,0.010499373370991756
2019-01-09,0.0017431181184452379
2019-01-10,0.001360709338127202
2019-01-11,-0.004209333434384206
2019-01-14,-0.002896665960797017
2019-01-15,0.010618071058999071
2019-01-16,0.0028841208063598144
2019-01-17,0.005658498890134403
2019-01-18,0.011504978423392721
2019-01-22,-0.01458179229645898
2019-01-23,0.0014401198188435202
2019-01-24,-0.0048252715045761785
2019-01-25,0.008677150582984875
2019-01-28,-0.0002828034279863048
2019-01-29,0.0003479026107209265
2019-01-30,0.015383588688808734
2019-01-31,0.005207173698214043
2019-02-01,0.0038171361422636345
2019-02-04,0.005208108262060517
2019-02-05,0.005741686938661138
2019-02-06,-0.00036604673392615994
2019-02-07,-0.008400954579396639
2019-02-08,-0.003640209384631326
2019-02-11,-0.001830040127618851
2019-02-12,0.013294736390377442
2019-02-13,0.003921666938603778
2019-02-14,6.734167855660601e-05
2019-02-15,0.015370451967915222
2019-02-19,0.003596992601002758
2019-02-20,9.671740329170381e-05
2019-02-21,-0.005307188487836048
2019-02-22,0.004490686308959464
2019-02-25,0.004474802638858166
2019-02-26,-0.0024425902606770074
2019-02-27,0.0004303828549906287
2019-02-28,-0.0023289158445506416
2019-03-01,0.0049278956283152296
2019-03-04,0.00118272268893145
2019-03-05,0.0004584963981660697
2019-03-06,-0.0035353734662110785
2019-03-07,-0.005711620072250232
2019-03-08,-0.0013573022971185957
2019-03-11,0.014926540582482
2019-03-12,0.0030186026007854383
2019-03-13,0.004588086792809043
2019-03-14,0.001982841892705091
2019-03-15,0.005277185017605341
2019-03-18,0.007088255498858595
2019-03-19,-0.0010771576182396951
2019-03-20,-0.006227939955345283
2019-03-21,0.007858374612907044
2019-03-22,-0.01796300450560081
2019-03-25,-0.0066558595867941125
2019-03-26,0.004669617297062522
2019-03-27,-0.0013974750357243564
2019-03-28,0.0038413888696003456
2019-03-29,0.004985044682854355
2019-04-01,0.01066988629383687
2019-04-02,0.0008952510064061576
2019-04-03,0.001089255235881381
2019-04-04,0.004053319457890168
2019-04-05,0.003936407794924537
2019-04-08,0.006262530685544871
2019-04-09,-0.006088372303789442
2019-04-10,0.0035018718838970937
2019-04-11,0.002091995250218253
2019-04-12,0.012124009388218279
2019-04-15,-0.0007023410641327846
2019-04-16,0.006498569064077077
2019-04-17,0.01359399075756931
2019-04-18,-0.0027999236291239215
2019-04-22,0.0030700057309466767
2019-04-23,0.008688531899724527
2019-04-24,-0.0035839789963095585
2019-04-25,-0.0008741715357644687
2019-04-26,-0.004296192239948004
2019-04-29,0.002586108550196922
2019-04-30,-0.0006180878482617404
2019-05-01,0.0062497120274217005
2019-05-02,-0.004574226233525812
2019-05-03,0.0076003328983892905
2019-05-06,-0.006163975554155665
2019-05-07,-0.016758822777457053
2019-05-08,-0.003045543178833617
2019-05-09,-0.0049391908552229215
2019-05-10,0.001968322674634971
2019-05-13,-0.02942831162256488
2019-05-14,0.00622083293213277
2019-05-15,0.0023167298606960947
2019-05-16,0.006479877306203651
2019-05-17,-0.003620136460046175
2019-05-20,-0.005473492603765426
2019-05-21,0.004934739900129657
2019-05-22,-0.005454342721762438
2019-05-23,-0.011432455929831815
2019-05-24,0.0035900170558735792
2019-05-28,-0.009367987888947975
2019-05-29,-0.011547936376076193
2019-05-30,-0.0006387332587348464
2019-05-31,-0.011904830895397794
2019-06-03,0.0021326877016617654
2019-06-04,0.023827725602833482
2019-06-05,0.007901810962777969
2019-06-06,0.010796432942238494
2019-06-07,0.008279235427630762
2019-06-10,0.009539110086471413
2019-06-11,0.005275696184043874
2019-06-12,-0.001234383314218486
2019-06-13,3.147505664810823e-07
2019-06-14,-0.0018499862337900273
2019-06-17,0.0005451885966962799
2019-06-18,0.012159324227153483
2019-06-19,-0.0029826978374949313
2019-06-20,0.008310231954217418
2019-06-21,0.00037179490968640677
2019-06-24,-0.0016999612188877318
2019-06-25,-0.0061734246262982045
2019-06-26,0.003275715510216278
2019-06-27,-0.002219986726999166
2019-06-28,0.004458710981310473
2019-07-01,0.008986233997755569
2019-07-02,0.002906902730734747
2019-07-03,0.006844955138258388
2019-07-05,-0.0018823096528467963
2019-07-08,-0.004290290905992256
2019-07-09,0.00336604083023965
2019-07-10,0.003322308412692755
2019-07-11,0.0007403067091458033
2019-07-12,-0.0020270419553578395
2019-07-15,-0.0004887050197573059
2019-07-16,-0.0033112900957200245
2019-07-17,-0.005827763861889908
2019-07-18,0.003861745479336444
2019-07-19,-0.009890515083854256
2019-07-22,0.003506250173407096
2019-07-23,0.006295943978177056
2019-07-24,0.001958643896965199
2019-07-25,-0.003079408573881223
2019-07-26,0.0026316531603993187
2019-07-29,0.004277675456998837
2019-07-30,-0.0032905750493174256
2019-07-31,-0.0006513024730687998
2019-08-01,-0.017311267972130038
2019-08-02,-0.005633828653951397
2019-08-05,-0.0313932023313996
2019-08-06,0.011280528627154968
2019-08-07,-0.0029809078708882574
2019-08-08,0.016548499910347986
2019-08-09,-0.006562364302272109
2019-08-12,-0.0097439978019061
2019-08-13,0.02203485504278107
2019-08-14,-0.029931465620988057
2019-08-15,0.010540471662207434
2019-08-16,0.015418855987813517
2019-08-19,0.011625231994350132
2019-08-20,-0.009083163962533936
2019-08-21,0.005961059381785017
2019-08-22,0.0015283805189255856
2019-08-23,-0.029119807460948194
2019-08-26,0.011017884748505253
2019-08-27,-0.0034131708694834463
2019-08-28,0.004216317488982907
2019-08-29,0.012979443676348054
2019-08-30,0.0016808643421711927
2019-09-03,-0.005556279698149718
2019-09-04,0.010932638978267304
2019-09-05,0.0112397131534863
2019-09-06,-8.970033468279366e-05
2019-09-09,0.009218455468684134
2019-09-10,0.010362438693015076
2019-09-11,0.010972786593751548
2019-09-12,0.001508465921354447
2019-09-13,0.002151524433277941
2019-09-16,-0.0038556709650264085
2019-09-17,0.0004694555085840088
2019-09-18,0.006558871427010926
2019-09-19,-0.004249701156676538
2019-09-20,-0.0035103557210625883
2019-09-23,0.0023742497973140634
2019-09-24,-0.005222175557063863
2019-09-25,0.005223036765726141
2019-09-26,-0.007230394664881709
2019-09-27,0.0009339916982141056
2019-09-30,0.006205813740754098
2019-10-01,-0.007085083868598388
2019-10-02,-0.014973094207725825
2019-10-03,0.002476736774416511
2019-10-04,0.020808633409954893
2019-10-07,-0.004135356638226586
2019-10-08,-0.012211111652081535
2019-10-09,0.004868883649221035
2019-10-10,0.009378201207439981
2019-10-11,0.016683837745645785
2019-10-14,-0.0019020523524395368
2019-10-15,0.010636534060035648
2019-10-16,-0.0007029897841200071
2019-10-17,0.004318447883852887
2019-10-18,-0.01109875419630846
2019-10-21,0.014351847218494798
2019-10-22,0.0038017026355693503
2019-10-23,0.005979521318150568
2019-10-24,-0.004167265638988085
2019-10-25,0.00682840104138638
2019-10-28,0.0042698126417019915
2019-10-29,-0.010375114402293157
2019-10-30,0.003593171262395716
2019-10-31,0.0021223482429526116
2019-11-01,0.016642133680252903
2019-11-04,0.00578734601319345
2019-11-05,0.004403801919230556
2019-11-06,-0.00018701390335195328
2019-11-07,0.008637566317856457
2019-11-08,0.0003140630998353814
2019-11-11,-0.0011050840647795206
2019-11-12,-0.00390806618526488
2019-11-13,0.00324320182146464
2019-11-14,-0.0031204320156843347
2019-11-15,0.00865277904685037
2019-11-18,0.004611329585911091
2019-11-19,-0.0025412971400585135
2019-11-20,-0.0048298159921753665
2019-11-21,0.0033809916256532214
2019-11-22,0.0023013423984425143
2019-11-25,0.0052619091921794
2019-11-26,-0.001803617600173327
2019-11-27,0.004729237582623765
2019-11-29,-0.001915536540367263
2019-12-02,-0.0034632900794300428
2019-12-03,-0.010610298473340274
2019-12-04,0.011625041553657295
2019-12-05,0.006288277772412783
2019-12-06,0.013734409604451558
2019-12-09,-0.005620798665703869
2019-12-10,8.993015654397685e-05
2019-12-11,0.002704184228960836
2019-12-12,0.011794840300004966
2019-12-13,0.0008326133231503872
2019-12-16,0.007994854419046465
2019-12-17,0.004883818053134813
2019-12-18,-0.0031507830930251777
2019-12-19,0.0011334110179348003
2019-12-20,0.0010651320121009683
2019-12-23,0.003916487665277993
2019-12-24,0.0007209153974192595
2019-12-26,0.008784154108263855
2019-12-27,-0.0002496857764692703
2019-12-30,-0.0005192619333592408
2019-12-31,0.003990002365487767
2020-01-02,0.011930125502486873
2020-01-03,-0.010702024211651657
2020-01-06,0.0024591513108107575
2020-01-07,-0.007262969675599641
2020-01-08,0.005018337441532599
2020-01-09,0.01049458394299989
2020-01-10,-0.0044355200235829334
2020-01-13,0.009913030662461079
2020-01-14,-0.0008538166900525945
2020-01-15,-0.006131677209940966
2020-01-16,0.006850155369542964
2020-01-17,0.00482748200471041
2020-01-21,-0.005115713449102113
2020-01-22,-0.00012747663778985114
2020-01-23,0.000663340935669603
2020-01-24,-0.010177054157707774
2020-01-27,-0.011509782571684767
2020-01-28,0.01543229861470929
2020-01-29,0.00595065525359534
2020-01-30,0.004284486215637211
2020-01-31,-0.02982609847711505
2020-02-03,0.00033595565093515206
2020-02-04,0.016303999480545162
2020-02-05,0.015534481608382087
2020-02-06,0.0015395738226391532
2020-02-07,-0.007550358832222145
2020-02-10,9.570976278403755e-05
2020-02-11,-0.0003761697633616327
2020-02-12,0.008376221882963308
2020-02-13,-0.002040886414458652
2020-02-14,-0.00043084887008405857
2020-02-18,-0.009338929742311375
2020-02-19,0.005986175777075528
2020-02-20,-0.004700794401113037
2020-02-21,-0.008696998584591444
2020-02-24,-0.03342326280471019
2020-02-25,-0.030244039206828104
2020-02-26,0.0019971354949287717
2020-02-27,-0.04817112181492131
2020-02-28,-0.019172305872642435
2020-03-02,0.06365790369285501
2020-03-03,-0.03397052921718911
2020-03-04,0.038336403952732086
2020-03-05,-0.02960721153357831
2020-03-06,-0.018528489527802203
2020-03-09,-0.07670252642008098
2020-03-10,0.05332531116987343
2020-03-11,-0.04673065503432819
2020-03-12,-0.08952438412183071
2020-03-13,0.10712742782247636
2020-03-16,-0.11195400364063962
2020-03-17,0.06689225915617897
2020-03-18,-0.03455271876813251
2020-03-19,-0.013008142258077827
2020-03-20,-0.04986751082089462
2020-03-23,-0.034461456046777694
2020-03-24,0.07704493127039398
2020-03-25,-0.00013203162302205895
2020-03-26,0.046370496906836284
2020-03-27,-0.039543246538106785
2020-03-30,0.040089572071580835
2020-03-31,-0.013507834442493302
2020-04-01,-0.03484729415947922
2020-04-02,0.03245815494350998
2020-04-03,-0.010004530511678558
2020-04-06,0.06114778422976201
2020-04-07,-0.009724001921109244
2020-04-08,0.02857434681142359
2020-04-09,0.017311767007903232
2020-04-13,-0.0007775552792178619
2020-04-14,0.024006815639135686
2020-04-15,-0.014682772792237946
2020-04-16,0.0012638464783331187
2020-04-17,0.021571440902925433
2020-04-20,-0.021626086829905026
2020-04-21,-0.020193390014236926
2020-04-22,0.019982726011899727
2020-04-23,-0.0005921961034786786
2020-04-24,0.013280498552182966
2020-04-27,0.0065064774889695455
2020-04-28,-0.006541289269676926
2020-04-29,0.011775909548754003
2020-04-30,-0.0024049717612295144
2020-05-01,-0.01630750029935611
2020-05-04,0.00631862988579229
2020-05-05,0.00795889854391714
2020-05-06,-0.005508210914416999
2020-05-07,0.004065079329705976
2020-05-08,0.017568329075309877
2020-05-11,0.0007904228410481218
2020-05-12,-0.013951344084698858
2020-05-13,-0.014492603094666117
2020-05-14,0.01058109094062823
2020-05-15,0.0014272247011799272
2020-05-18,0.02596250265772496
2020-05-19,-0.014039068676320985
2020-05-20,0.013877197824201484
2020-05-21,-0.00833594741078498
2020-05-22,-0.0017835903853859459
2020-05-26,0.012454094403813159
2020-05-27,0.011949377449318782
2020-05-28,-0.00038450770941820915
2020-05-29,-0.0022014858851386204
2020-06-01,0.006183453586215457
2020-06-02,0.005174429244914879
2020-06-03,0.015503537897437785
2020-06-04,-0.003215130445537359
2020-06-05,0.025258117691971428
2020-06-08,0.0077666101899668705
2020-06-09,0.0029325146662605587
2020-06-10,-0.0015828085260384702
2020-06-11,-0.052755059713802184
2020-06-12,0.008287051734087688
2020-06-15,0.006795525835258533
2020-06-16,0.019287692037281052
2020-06-17,-0.009427968820695663
2020-06-18,-0.0027595040955285402
2020-06-19,-0.002653662829889395
2020-06-22,0.010624386041732485
2020-06-23,0.009521647940828314
2020-06-24,-0.02160076484703827
2020-06-25,0.011815306160823012
2020-06-26,-0.029890556580849947
2020-06-29,0.013560225127675678
2020-06-30,0.009053083279914331
2020-07-01,-0.004303855908004163
2020-07-02,0.0011806422913021336
2020-07-06,0.017751635019716848
2020-07-07,0.0030940671380271824
2020-07-08,0.008024003915527293
2020-07-09,-0.0010540409240219748
2020-07-10,0.016368403337616043
2020-07-13,0.0025439003984015916
2020-07-14,0.016194077697666818
2020-07-15,0.006797720700520492
2020-07-16,-0.003479993079542554
2020-07-17,-0.00592292806974246
2020-07-20,0.005213521324720535
2020-07-21,0.0027718186285449167
2020-07-22,-0.0009390654976586635
2020-07-23,-0.019524348151674475
2020-07-24,-0.005008079330006747
2020-07-27,0.006277753796405026
2020-07-28,-0.006085547285131335
2020-07-29,0.010918665082515199
2020-07-30,-0.00384731229436816
2020-07-31,0.03858713675004524
2020-08-03,0.011549443122409835
2020-08-04,0.006432720015086277
2020-08-05,0.0040065677560380385
2020-08-06,0.013246484010622077
2020-08-07,-0.004520681334456675
2020-08-10,0.011779989899133104
2020-08-11,-0.009967496819108645
2020-08-12,0.017489719797214743
2020-08-13,0.004087436087736483
2020-08-14,0.0011352618480894227
2020-08-17,-0.0020533206752230524
2020-08-18,0.000936518775074097
2020-08-19,-0.002263160710470428
2020-08-20,0.005606870610638831
2020-08-21,0.025098154414010268
2020-08-24,0.011741122687070712
2020-08-25,-0.005680826654507115
2020-08-26,0.0030659273382017036
2020-08-27,0.00759068008120356
2020-08-28,0.0062712197697183305
2020-08-31,0.008036660572393875
2020-09-01,0.025974666432158747
2020-09-02,-0.005213512652901963
2020-09-03,-0.046581021657147476
2020-09-04,0.0009173212948944309
2020-09-08,-0.0450105612700669
2020-09-09,0.022935866549754002
2020-09-10,-0.024561481080902284
2020-09-11,-0.002866895306657368
2020-09-14,0.016475874662401517
2020-09-15,-0.0048519253193782886
2020-09-16,-0.012271032156785822
2020-09-17,-0.009816473981154436
2020-09-18,-0.014621311431928161
2020-09-21,0.004040588472078594
2020-09-22,0.004346219502397851
2020-09-23,-0.025911197359882433
2020-09-24,0.005394261145833181
2020-09-25,0.01992967662255324
2020-09-28,0.017783752125137872
2020-09-29,-0.0064046449386346675
2020-09-30,0.01389869671021838
2020-10-01,0.005793260433737365
2020-10-02,-0.017537693775239907
2020-10-05,0.02186196179235951
2020-10-06,-0.018710477692136348
2020-10-07,0.01268897395720921
2020-10-08,0.0072166099842218305
2020-10-09,0.009831815441546692
2020-10-12,0.03219428777720986
2020-10-13,-0.016625168360823624
2020-10-14,-0.0038274427021602548
2020-10-15,0.0009982566270937293
2020-10-16,-0.00593413917619712
2020-10-19,-0.02157150025623816
2020-10-20,0.008636545778678041
2020-10-21,-0.00493100374613217
2020-10-22,0.004351688017535738
2020-10-23,-0.0014001807037692215
2020-10-26,-0.009100791803954343
2020-10-27,0.0018334491821705178
2020-10-28,-0.03660435027376081
2020-10-29,0.01777202067245066
2020-10-30,-0.025939294349979884
2020-11-02,0.009564803447085275
2020-11-03,0.014490621058730117
2020-11-04,0.01140660787667873
2020-11-05,0.025049764739483497
2020-11-06,0.0020301963063802
2020-11-09,0.021929825896991963
2020-11-10,0.003808574487984586
2020-11-11,0.011801332771404527
2020-11-12,-0.0041922933349634265
2020-11-13,0.006861788938915023
2020-11-16,0.014948411767011721
2020-11-17,-0.009740250799219368
2020-11-18,-0.010536256812466647
2020-11-19,0.006383912863328656
2020-11-20,-0.010024714475640864
2020-11-23,-0.004673388600633637
2020-11-24,0.017884182126383544
2020-11-25,-0.0001861874606374002
2020-11-27,-8.506582226476082e-05
2020-11-30,0.002726252920201364
2020-12-01,0.019158560669022894
2020-12-02,0.0050168489265879045
2020-12-03,-0.002045110541088353
2020-12-04,0.0019890340309109264
2020-12-07,0.0013266052023257987
2020-12-08,0.00809636770204769
2020-12-09,-0.009768599396632978
2020-12-10,0.0036708961464548395
2020-12-11,-0.003677608136901108
2020-12-14,-0.0116669731093013
2020-12-15,0.02700218386298691
2020-12-16,7.92525304890641e-05
2020-12-17,0.00576218196479899
2020-12-18,-0.008186486862340539
2020-12-21,0.010228373950533115
2020-12-22,0.006288982324473332
2020-12-23,0.0010569867623429483
2020-12-24,0.0031686589046396973
2020-12-28,0.01986151058326765
2020-12-29,-0.007256904555200087
2020-12-30,-0.001250830895149588
2020-12-31,5.286263610723867e-07
2021-01-04,-0.010745841042907829
2021-01-05,0.009687758621868511
2021-01-06,-0.0017307948412665062
2021-01-07,0.021987248143153563
2021-01-08,0.0041817811701032525
2021-01-11,-0.0052280711115119255
2021-01-12,0.004658037503332818
2021-01-13,0.005757262207497445
2021-01-14,-0.0010241999163456389
2021-01-15,-0.015376753032258106
2021-01-19,0.003363684366153851
2021-01-20,0.01328960197564458
2021-01-21,0.010991298720617007
2021-01-22,0.00792726955964527
2021-01-25,0.011147203612029769
2021-01-26,0.0041673250704838145
2021-01-27,-0.015801009137779123
2021-01-28,-0.010683146677974037
2021-01-29,-0.02951476529032316
2021-02-01,0.007051588958224241
2021-02-02,0.01007910660348298
2021-02-03,0.0007613526649104215
2021-02-04,0.01970004374106783
2021-02-05,0.0042070724855215215
2021-02-08,0.007235078423118804
2021-02-09,-0.0023226312639424546
2021-02-10,-0.002616269225292737
2021-02-11,-0.003657825893634579
2021-02-12,0.005449134076789273
2021-02-16,-0.00020224569517358722
2021-02-17,-0.003725869738848051
2021-02-18,-0.01398592316980239
2021-02-19,0.002848577530338278
2021-02-22,-0.008981110553758984
2021-02-23,-0.0014692581394644068
2021-02-24,0.003834839019457729
2021-02-25,-0.019827482721176078
2021-02-26,-0.013346445577299818
2021-03-01,0.03154262123396425
2021-03-02,-0.011523762696463255
2021-03-03,-0.010464554815679924
2021-03-04,-0.010571347112850366
2021-03-05,0.012127237135244174
2021-03-08,-0.013994470159204842
2021-03-09,0.014395365690469987
2021-03-10,0.008608951428841272
2021-03-11,0.004644006340807577
2021-03-12,0.0031391174211647115
2021-03-15,0.00660480662896497
2021-03-16,0.0016275351638458595
2021-03-17,-0.001661603269424031
2021-03-18,-0.015024538322227424
2021-03-19,-0.004545103981652211
2021-03-22,0.005180853621900539
2021-03-23,-0.004363431482703678
2021-03-24,-0.004444740201123829
2021-03-25,0.005525818983796229
2021-03-26,0.011717925208388491
2021-03-29,-0.0007712116491858499
2021-03-30,-0.004901925965690404
2021-03-31,0.002385490105978548
2021-04-01,0.005236505403703562
2021-04-05,0.014258049393607567
2021-04-06,-0.00014569022748967496
2021-04-07,0.00917803296382282
2021-04-08,0.006748281716588058
2021-04-09,0.008434851837518674
2021-04-12,-0.006069460118630509
2021-04-13,0.005127353119001361
2021-04-14,-0.00971048015678627
2021-04-15,0.010134528255704895
2021-04-16,0.002358331982551246
2021-04-19,0.00041752965575198817
2021-04-20,-0.007291888987344249
2021-04-21,0.004438932582667244
2021-04-22,-0.013352358544621995
2021-04-23,0.012611617158365012
2021-04-26,-0.0014024227279180923
2021-04-27,0.0004692732911357666
2021-04-28,-0.0007598765970752708
2021-04-29,0.008779523269456498
2021-04-30,-0.011278842082341312
2021-05-03,0.009000468759551867
2021-05-04,-0.010358478525882201
2021-05-05,0.005076372095357051
2021-05-06,0.012081631423440414
2021-05-07,0.00369601351151283
2021-05-10,-0.008108258183152967
2021-05-11,-0.011714665934060418
2021-05-12,-0.015723961204980434
2021-05-13,0.01626614872661945
2021-05-14,0.014719725312394676
2021-05-17,-0.0016128240161271386
2021-05-18,-0.006629933555865475
2021-05-19,-0.004306444622250627
2021-05-20,0.009036342530162812
2021-05-21,-0.0038817073536840767
2021-05-24,0.007869690731370846
2021-05-25,-0.004438169462508865
2021-05-26,-0.0004899271723346697
2021-05-27,-0.0023473015192295226
2021-05-28,-0.0017288565154576878
2021-06-01,0.0003221862168025349
2021-06-02,0.0032665582147093156
2021-06-03,-0.004203353488328399
2021-06-04,0.008245794601483206
2021-06-07,-0.003560292244717623
2021-06-08,0.000463405388283681
2021-06-09,-7.569119036578923e-05
2021-06-10,-0.004673771568595734
2021-06-11,0.002098205997724942
2021-06-14,0.005805378999753763
2021-06-15,-0.004959994812727231
2021-06-16,-9.791044031116629e-05
2021-06-17,-0.002627783502244759
2021-06-18,-0.01737327622297597
2021-06-21,0.015063765529205905
2021-06-22,0.006760965303274419
2021-06-23,-0.0009978950936043458
2021-06-24,0.0030866505634444897
2021-06-25,0.003917399939369426
2021-06-28,0.0031224351373809757
2021-06-29,0.0032535421764697306
2021-06-30,0.008923939745158425
2021-07-01,0.0026793689014683463
2021-07-02,0.011232900548200298
2021-07-06,-0.0005403786617720141
2021-07-07,0.007866374878498719
2021-07-08,-0.008474788809473126
2021-07-09,0.014936217121666233
2021-07-12,0.0007964175436765271
2021-07-13,0.00010806392299980109
2021-07-14,0.010108442969499892
2021-07-15,-0.0037162342523191292
2021-07-16,-0.013296424789497321
2021-07-19,-0.02254778635906363
2021-07-20,0.0178299319635914
2021-07-21,0.0043695746944102465
2021-07-22,0.0012553750137428992
2021-07-23,0.007436994602271775
2021-07-26,0.004497844652993097
2021-07-27,-0.006879999582533038
2021-07-28,-0.005546187075868978
2021-07-29,0.004755728001670014
2021-07-30,-0.002208704012932887
2021-08-02,-0.0021405687685783757
2021-08-03,0.011936047854586383
2021-08-04,-0.006832503363499633
2021-08-05,0.006313753133227258
2021-08-06,0.003991040439226958
2021-08-09,-0.00024111854548994463
2021-08-10,0.005394728580283313
2021-08-11,0.00490451870305002
2021-08-12,0.010280857493511441
2021-08-13,-0.0011744381517058502
2021-08-16,0.005986872403525555
2021-08-17,-0.00442356249084557
2021-08-18,-0.017820215328812717
2021-08-19,-0.0004556810694179278
2021-08-20,0.007026785960746835
2021-08-23,0.0078470739825968
2021-08-24,-0.0017905184874177933
2021-08-25,2.7616996822037255e-05
2021-08-26,-0.00438063669373607
2021-08-27,0.00488542637911216
2021-08-30,0.010561590525217426
2021-08-31,-0.005100223345429205
2021-09-01,0.0010433068953146368
2021-09-02,0.007381491627548096
2021-09-03,0.0010746059163478023
2021-09-07,0.0019969135409484712
2021-09-08,-0.00616396572472008
2021-09-09,-0.006149446501623334
2021-09-10,-0.018936666326003812
2021-09-13,0.004881278201010757
2021-09-14,-0.010544465898999999
2021-09-15,0.006961503477972983
2021-09-16,-0.0011417104347464866
2021-09-17,-0.010051196803570134
2021-09-20,-0.02051275113366857
2021-09-21,0.002362446338066463
2021-09-22,0.012337534922504532
2021-09-23,0.013231299181906213
2021-09-24,0.00339051177632058
2021-09-27,0.0008771519971357555
2021-09-28,-0.012855963856368224
2021-09-29,0.0034666350460985287
2021-09-30,-0.01151893886639286
2021-10-01,0.007404218292326892
2021-10-04,-0.012292276315125087
2021-10-05,0.010873744827133653
2021-10-06,0.0032078924510050024
2021-10-07,0.008326735968212722
2021-10-08,0.0007463097103140689
2021-10-11,-0.006686374812411527
2021-10-12,-0.008353740259869607
2021-10-13,-0.007963394689933888
2021-10-14,0.015344182445564784
2021-10-15,0.009925599451793235
2021-10-18,0.00502283545478894
2021-10-19,0.016226943033035242
2021-10-20,0.006097409617054114
2021-10-21,-0.001946653563236085
2021-10-22,0.0030361122027624354
2021-10-25,0.0019401687694518967
2021-10-26,0.0042078601658911245
2021-10-27,-0.010792011263888665
2021-10-28,0.014379366912884016
2021-10-29,-0.007379979751481388
2021-11-01,-0.0008370078229539953
2021-11-02,0.005091625332222152
2021-11-03,0.0033308966445819745
2021-11-04,-0.0033543792357579242
2021-11-05,-0.00010339512183923169
2021-11-08,-0.0016597652764860419
2021-11-09,0.00018802436426151444
2021-11-10,-0.009711550878786971
2021-11-11,-0.0009596320733297301
2021-11-12,0.005408181747440732
2021-11-15,-0.0018258984210075548
2021-11-16,-0.002377208784601106
2021-11-17,0.004476965824870856
2021-11-18,0.010246992503779365
2021-11-19,0.0012867583145793069
2021-11-22,0.007349616939692779
2021-11-23,0.009752309605679224
2021-11-24,0.00040757258949253295
2021-11-26,-0.025888044640250126
2021-11-29,0.007430256502754137
2021-11-30,0.004241014705986925
2021-12-01,-0.004386313663365925
2021-12-02,0.0007960446150704108
2021-12-03,-0.006001792076178878
2021-12-06,0.017326483728882743
2021-12-07,0.02001599386771366
2021-12-08,0.007885431243905448
2021-12-09,0.0013768184983906611
2021-12-10,0.014734575455960729
2021-12-13,-0.009201045663735415
2021-12-14,0.0003290244180234581
2021-12-15,0.012936400781502572
2021-12-16,-0.01640764921630311
2021-12-17,-0.01712886072845737
2021-12-20,-0.008416513166310657
2021-12-21,0.013105677141281295
2021-12-22,0.009248634166379837
2021-12-23,0.0024557349739512176
2021-12-27,0.015156415926523984
2021-12-28,-2.56676851993423e-05
2021-12-29,0.00045709848761228515
2021-12-30,-0.0026155188001581817
2021-12-31,-0.0010324800300463863
2022-01-03,0.018646554276749796
2022-01-04,0.0012450824247370069
2022-01-05,-0.013119840556021311
2022-01-06,-0.004816791686637441
2022-01-07,0.006100390083857944
2022-01-10,-0.0010514186146597904
2022-01-11,0.008932588719050625
2022-01-12,0.0004058620489148362
2022-01-13,-0.008571011280722603
2022-01-14,-0.010743160510077869
2022-01-18,-0.01915627468637582
2022-01-19,-0.011983048988081566
2022-01-20,-0.009932627261981087
2022-01-21,-0.01182553502428688
2022-01-24,-0.0032972381622170736
2022-01-25,4.446126907556654e-05
2022-01-26,0.00010673200553481812
2022-01-27,-0.0020115898131054387
2022-01-28,0.03551360201550408
2022-01-31,0.01789033177425944
2022-02-01,0.0075959073479513195
2022-02-02,0.0029196561024884375
2022-02-03,-0.010302154328366267
2022-02-04,0.0035535867969484288
2022-02-07,-0.002012411135003212
2022-02-08,0.010462019391165965
2022-02-09,0.0040281106528505806
2022-02-10,-0.01577740771396114
2022-02-11,-0.012105655374851821
2022-02-14,-0.005406767813670228
2022-02-15,0.01429011414364199
2022-02-16,-0.0007657416236800412
2022-02-17,-0.010670224222449096
2022-02-18,-0.0065262707257532845
2022-02-22,-0.012776449716635918
2022-02-23,-0.01720401482975015
2022-02-24,-0.0020971158621226754
2022-02-25,0.02084079978530441
2022-02-28,-0.009221391286592266
2022-03-01,-0.011571232461403428
2022-03-02,0.016574540975995585
2022-03-03,0.003193716468080949
2022-03-04,-0.0064586457266232805
2022-03-07,-0.013651130835018259
2022-03-08,-0.011572721557393516
2022-03-09,0.018647472425793763
2022-03-10,-0.008725424757415404
2022-03-11,-0.01626879348042049
2022-03-14,-0.009602755458220336
2022-03-15,0.01653689437725147
2022-03-16,0.018879617502185225
2022-03-17,0.009467399520938453
2022-03-18,0.007813900368511083
2022-03-21,0.00659330071902913
2022-03-22,0.011917375216441513
2022-03-23,-0.0008267114314436323
2022-03-24,0.013408071722464818
2022-03-25,0.007012041716817474
2022-03-28,0.0016192067032669594
2022-03-29,0.009918575112971525
2022-03-30,0.0012034132527440852
2022-03-31,-0.01765115713962286
2022-04-01,0.0010663570132524185
2022-04-04,0.010542359165905337
2022-04-05,-0.010213681738866288
2022-04-06,-0.003387892828864794
2022-04-07,0.002768952715695827
2022-04-08,0.00047272678506469416
2022-04-11,-0.020076764014620146
2022-04-12,0.004151625607484908
2022-04-13,0.007372902016969983
2022-04-14,-0.015174502931962078
2022-04-18,0.000355278483784595
2022-04-19,0.014928804666251566
2022-04-20,0.002781595855826405
2022-04-21,-0.004657824690731365
2022-04-22,-0.02385227346095417
2022-04-25,0.0036274800528045045
2022-04-26,-0.024696031850150256
2022-04-27,-0.00347382318314519
2022-04-28,0.02809701208753436
2022-04-29,-0.02974911458022087
2022-05-02,0.0011557733554411408
2022-05-03,0.00994550904103271
2022-05-04,0.030762874667012427
2022-05-05,-0.03545751922780271
2022-05-06,-8.500316328054929e-05
2022-05-09,-0.022813748077978428
2022-05-10,0.0012686429959983326
2022-05-11,-0.02499028300495749
2022-05-12,-0.010123560330437811
2022-05-13,0.01762724592400592
2022-05-16,-0.0022845990159689263
2022-05-17,0.0015588627352694424
2022-05-18,-0.042065618182496226
2022-05-19,-0.017796815435174588
2022-05-20,0.0030077199484769223
2022-05-23,0.036735541939368996
2022-05-24,-0.0018831142290737695
2022-05-25,0.0015977214291662397
2022-05-26,0.01582316569030244
2022-05-27,0.02464077167851203
2022-05-31,-0.0038778441996865976
2022-06-01,-0.006283938649779282
2022-06-02,0.011564503662746587
2022-06-03,-0.0208271744487657
2022-06-06,0.0008850489708487656
2022-06-07,0.013167390814429197
2022-06-08,-0.005705560768082994
2022-06-09,-0.02648883624961753
2022-06-10,-0.027709942728050767
2022-06-13,-0.031325841795603986
2022-06-14,-0.0022201446065495153
2022-06-15,0.010664485828901378
2022-06-16,-0.023015226874877736
2022-06-17,-0.005353887764457056
2022-06-21,0.03206765591161756
2022-06-22,-0.006040853764256072
2022-06-23,0.010829049180053478
2022-06-24,0.02004141394139134
2022-06-27,0.0013432098453338398
2022-06-28,-0.01747086584555807
2022-06-29,0.0003904684448439251
2022-06-30,-0.014797405214870395
2022-07-01,0.014341111870962153
2022-07-05,0.004784419291771834
2022-07-06,0.0023945040783409735
2022-07-07,0.018218676596259115
2022-07-08,0.0016157028309829187
2022-07-11,-0.009243433508227898
2022-07-12,-0.0007300046957161668
2022-07-13,-0.0023772732548064776
2022-07-14,0.0041022045353284525
2022-07-15,0.0175985316683761
2022-07-18,-0.013125620768376376
2022-07-19,0.017024243192322312
2022-07-20,0.007406013970921486
2022-07-21,0.008732726939342893
2022-07-22,-0.004928589896352237
2022-07-25,0.0006300276051193459
2022-07-26,-0.016148538412735124
2022-07-27,0.024481794893411547
2022-07-28,0.006193816107442774
2022-07-29,0.02286181123905457
2022-08-01,-0.0071452843836820185
2022-08-02,-0.00796249284344121
2022-08-03,0.015200975351259818
2022-08-04,-0.013947587032521138
2022-08-05,0.005898986162363321
2022-08-08,-0.0025679603093172287
2022-08-09,0.004579300375018409
2022-08-10,0.01806053029782644
2022-08-11,0.0014114483350828304
2022-08-12,0.014470857563962953
2022-08-15,0.0026858365707436316
2022-08-16,0.007753318633316788
2022-08-17,0.0037078679178352697
2022-08-18,-0.0011456985822316168
2022-08-19,-0.011504488497890783
2022-08-22,-0.016599280232231402
2022-08-23,8.441204943907029e-06
2022-08-24,0.0023295180652805293
2022-08-25,0.0133810425957492
2022-08-26,-0.031144248726719427
2022-08-29,-0.004172730336625718
2022-08-30,-0.012194781660457244
2022-08-31,-0.007563981882741213
2022-09-01,0.0066733789090389645
2022-09-02,-0.009201108930002883
2022-09-06,-0.004735145374353155
2022-09-07,0.010539963859054445
2022-09-08,0.002109594355965193
2022-09-09,0.011679055703112656
2022-09-12,0.02159103172309071
2022-09-13,-0.04242950046792743
2022-09-14,0.009076458679300767
2022-09-15,-0.010394842344640819
2022-09-16,-0.006016689173262435
2022-09-19,0.012693240879051356
2022-09-20,0.0010362284773740042
2022-09-21,-0.01606758855628516
2022-09-22,-0.0040919671415808115
2022-09-23,-0.018462867691115173
2022-09-26,-0.004104902529314169
2022-09-27,0.0026258048549925913
2022-09-28,0.004418357432515866
2022-09-29,-0.028120072098621576
2022-09-30,-0.02148864849744356
2022-10-03,0.02670014521358253
2022-10-04,0.026523545027350198
2022-10-05,0.0014790573940740898
2022-10-06,-0.006976682180298004
2022-10-07,-0.02569609764534321
2022-10-10,-0.002090126333456954
2022-10-11,-0.004484776336862563
2022-10-12,-0.0005942704287299987
2022-10-13,0.030537939529412396
2022-10-14,-0.017106548248874365
2022-10-17,0.023884190605311537
2022-10-18,0.010956834817928694
2022-10-19,-0.0012143872250016782
2022-10-20,-0.0011054273615355382
2022-10-21,0.028301341412601946
2022-10-24,0.011830997827174334
2022-10-25,0.008374894092139273
2022-10-26,-0.0029196513350452855
2022-10-27,-0.012296372478903615
2022-10-28,0.04040996425046316
2022-10-31,-0.007773008553832196
2022-11-01,-0.004594146607689358
2022-11-02,-0.023306991698534698
2022-11-03,-0.01570476367037973
2022-11-04,0.006434891995821014
2022-11-07,0.006750454825692502
2022-11-08,0.0032444805566759255
2022-11-09,-0.026162974411003567
2022-11-10,0.048604328574106966
2022-11-11,0.007910406418973831
2022-11-14,-0.0073833319517617926
2022-11-15,0.01342918057452734
2022-11-16,-0.0026781000648196953
2022-11-17,0.005407233072364967
2022-11-18,0.005475564848189996
2022-11-21,-0.009769610947464478
2022-11-22,0.01332247244517811
2022-11-23,0.004614117240624377
2022-11-25,-0.007426317424806092
2022-11-28,-0.017235640050957683
2022-11-29,-0.006299548695346841
2022-11-30,0.023283778316635882
2022-12-01,-0.0009327836012983226
2022-12-02,-0.003874979603562042
2022-12-05,-0.013271540034617212
2022-12-06,-0.017395434084203597
2022-12-07,-0.0058988900809540295
2022-12-08,0.007936596968773026
2022-12-09,-0.007993988958683423
2022-12-12,0.01669360606928007
2022-12-13,0.00446560004442054
2022-12-14,-0.0085206680543793
2022-12-15,-0.02834664995641162
2022-12-16,-0.01203598585265187
2022-12-19,-0.0048134739676787466
2022-12-20,0.0038652451126018135
2022-12-21,0.015775851599335547
2022-12-22,-0.01634575274414198
2022-12-23,0.003658893376271079
2022-12-27,-0.0030401262132791645
2022-12-28,-0.016175475860069233
2022-12-29,0.01438747017312766
2022-12-30,0.002323949421907436
2023-01-03,-0.014161973294783784
2023-01-04,0.007916733142497773
2023-01-05,-0.0029671179066286697
2023-01-06,0.023634214354405582
2023-01-09,-0.007402731282536167
2023-01-10,0.004851710115862896
2023-01-11,0.01195446625333779
2023-01-12,-0.0004236260970566855
2023-01-13,0.008799364541403855
2023-01-17,-0.0017367891552964626
2023-01-18,-0.016446334426701018
2023-01-19,-0.0038516002421584094
2023-01-20,0.011347093096960362
2023-01-23,0.013482833575790975
2023-01-24,0.007218975391171935
2023-01-25,-0.0012819544612499602
2023-01-26,0.011426347008013517
2023-01-27,0.004185825614115229
2023-01-30,-0.018394694387325165
2023-01-31,0.010318136220969575
2023-02-01,0.0033278101829968625
2023-02-02,0.009844459323830638
2023-02-03,0.011387881690924011
2023-02-06,-0.008709275641715681
2023-02-07,0.014088928029310156
2023-02-08,-0.010484195898981532
2023-02-09,-0.006054971402391636
2023-02-10,0.009672659010922924
2023-02-13,0.011900237378490486
2023-02-14,-0.003340039199877863
2023-02-15,0.00513301397638861
2023-02-16,-0.010505654707336623
2023-02-17,-0.0026699445331029603
2023-02-21,-0.016125592586524125
2023-02-22,-0.004968099135389074
2023-02-23,0.0019145780011167518
2023-02-24,-0.006927802143905048
2023-02-27,0.003642512840901666
2023-02-28,-0.0017864741107883216
2023-03-01,-0.008495715407473195
2023-03-02,0.00043433446033842236
2023-03-03,0.021034355858825075
2023-03-06,0.008941681050494912
2023-03-07,-0.016885110187912535
2023-03-08,-0.0013640811885803615
2023-03-09,-0.020204043310821464
2023-03-10,-0.0027108073479225453
2023-03-13,0.0025132573898744162
2023-03-14,0.012666569980626615
2023-03-15,-0.011796499081306608
2023-03-16,0.009988710516246372
2023-03-17,-0.010986031778552731
2023-03-20,0.014322677545195832
2023-03-21,0.014532556465206507
2023-03-22,-0.014617439071048559
2023-03-23,0.0025120894530418656
2023-03-24,0.0035447764237062068
2023-03-27,0.004684763243728717
2023-03-28,-0.001557540312630621
2023-03-29,0.012858175173849212
2023-03-30,0.005888519001584062
2023-03-31,0.012172163663732903
2023-04-03,0.012605262360078947
2023-04-04,-0.004964334524023054
2023-04-05,0.005139920075860353
2023-04-06,0.000896434975204745
2023-04-10,-0.00798793166199028
2023-04-11,-0.0020884309570337193
2023-04-12,-0.003012193305823585
2023-04-13,0.017821784928557825
2023-04-14,0.011071475276345636
2023-04-17,0.00092556642045315
2023-04-18,0.004289905378612967
2023-04-19,0.0037522645330498186
2023-04-20,-0.0023774390036900277
2023-04-21,-0.00427341742023888
2023-04-24,0.004976535983087887
2023-04-25,-0.009738013903596719
2023-04-26,-0.006941108248373864
2023-04-27,0.016827746463641748
2023-04-28,0.006561531273244674
2023-05-01,0.00037815666580413447
2023-05-02,-0.009594459683247002
2023-05-03,-0.011141777724673322
2023-05-04,-0.009048189648841668
2023-05-05,0.028343552403955495
2023-05-08,0.0012428626486463421
2023-05-09,-0.006084669982601974
2023-05-10,0.0034406006245602913
2023-05-11,-0.0020239994727686925
2023-05-12,-0.005228950096227306
2023-05-15,-0.0016642739513722702
2023-05-16,-0.005884193734995119
2023-05-17,0.008914318697701862
2023-05-18,0.00986204960826516
2023-05-19,-0.0006939461524849967
2023-05-22,-0.007157503942124069
2023-05-23,-0.007680873466073611
2023-05-24,-0.00040743718504282397
2023-05-25,-0.0016004482223292015
2023-05-26,0.007593360338381438
2023-05-30,0.004333740818270007
2023-05-31,-0.003040792577748702
2023-06-01,0.011130980269050178
2023-06-02,0.011439789197554449
2023-06-05,-0.003869609299672778
2023-06-06,0.000102045491452023
2023-06-07,0.0009762306251489182
2023-06-08,0.009992503538876794
2023-06-09,0.0011711746871333332
2023-06-12,0.007017833505979747
2023-06-13,0.001749594670121995
2023-06-14,0.0016669861156052195
2023-06-15,0.010221217282032822
2023-06-16,-0.004773203803466424
2023-06-20,-0.004290591275438121
2023-06-21,-0.0017119829751311006
2023-06-22,0.0060856391992870525
2023-06-23,-0.002944746685252202
2023-06-26,-0.0030108879796596076
2023-06-27,0.00655290406231841
2023-06-28,0.003525694490167943
2023-06-29,0.008012495673732129
2023-06-30,0.017209463565988698
2023-07-03,-0.0027845338685293106
2023-07-05,-0.004942854608629047
2023-07-06,-0.006114437020921507
2023-07-07,-0.005964133702589115
2023-07-10,-0.0012927286676669809
2023-07-11,0.0018904414263299972
2023-07-12,0.0055174787080093
2023-07-13,0.0006813956732505752
2023-07-14,-0.0007532661873213651
2023-07-17,0.01252189337484647
2023-07-18,-0.0009713141938181325
2023-07-19,0.004529687430793979
2023-07-20,0.008469001127587993
2023-07-21,-0.0018408647703965094
2023-07-24,0.008525485582350938
2023-07-25,0.0016423840709765775
2023-07-26,0.003370467138602163
2023-07-27,-0.004612975996634423
2023-07-28,0.007285591966256469
2023-07-31,0.0006418018002297996
2023-08-01,-0.003151246234002354
2023-08-02,-0.00980512710921022
2023-08-03,8.453088797787047e-06
2023-08-04,-0.02439353719943909
2023-08-07,-0.002275499509830475
2023-08-08,0.0019638826166935536
2023-08-09,-0.00465932797851923
2023-08-10,-0.0010175665892605845
2023-08-11,0.0049157061501019
2023-08-14,0.003286122904351464
2023-08-15,-0.013677661356271874
2023-08-16,-0.005120255932582849
2023-08-17,-0.008287311075277807
2023-08-18,0.004093181426715497
2023-08-21,-0.0014528845411369183
2023-08-22,-0.0024149069787550615
2023-08-23,0.009935531966454839
2023-08-24,-0.013551732181020022
2023-08-25,0.00985661543450944
2023-08-28,0.004807166973975416
2023-08-29,0.01303785684223017
2023-08-30,0.009519074495358184
2023-08-31,-0.00170250059073997
2023-09-01,0.004967711703640867
2023-09-05,-0.0023173420698304388
2023-09-06,-0.01703080634565166
2023-09-07,-0.01225989296735866
2023-09-08,0.0039796370415029515
2023-09-11,0.0043680683424438095
2023-09-12,-0.001216672531401445
2023-09-13,-0.0058409198884793205
2023-09-14,0.009805437412792193
2023-09-15,-0.006368536356777053
2023-09-18,0.008398669503454123
2023-09-19,0.0019614766541346104
2023-09-20,-0.009628545814812749
2023-09-21,-0.009641171994914786
2023-09-22,7.925023639855349e-05
2023-09-25,0.005868134177997954
2023-09-26,-0.013585845077560806
2023-09-27,-0.0011721816676403696
2023-09-28,0.0027722836980470676
2023-09-29,-0.00696487375057938
2023-10-02,0.0026479523517203133
2023-10-03,-0.0053510364195781925
2023-10-04,0.0015246378769756476
2023-10-05,0.0010050653585952072
2023-10-06,0.0056306357784762055
2023-10-09,0.007289587915304314
2023-10-10,0.0005249024896870486
2023-10-11,-0.0008064137671173722
2023-10-12,0.002584487005392089
2023-10-13,0.0025796303018700895
2023-10-16,0.001260531056355217
2023-10-17,-0.0038350519105070147
2023-10-18,-0.00624877788670675
2023-10-19,-0.0026673778535223694
2023-10-20,-0.012806148156086137
2023-10-23,-0.00310305711579765
2023-10-24,0.002147976643603446
2023-10-25,-0.0070306576341181105
2023-10-26,-0.014447086827083821
2023-10-27,-0.00855207259313678
2023-10-30,0.010911454254582932
2023-10-31,0.004759054491810153
2023-11-01,0.009541665612118045
2023-11-02,0.017691808371045822
2023-11-03,-0.0015701594925478326
2023-11-06,0.0065035192138084025
2023-11-07,0.004886293036354982
2023-11-08,0.0007547624141390451
2023-11-09,-0.004255431158274978
2023-11-10,0.015935984796915242
2023-11-13,-0.0021897973288712864
2023-11-14,0.010268857911939457
2023-11-15,0.005036974957501764
2023-11-16,-0.005522850313868492
2023-11-17,0.0032701137558872537
2023-11-20,0.005386619881269063
2023-11-21,-0.0010619082013768248
2023-11-22,0.0004315643566175591
2023-11-24,-8.769455421805737e-05
2023-11-27,-0.001763306047692643
2023-11-28,0.0037006596900450396
2023-11-29,-0.004883737273718169
2023-11-30,0.0055225551114389025
2023-12-01,0.005909262673232036
2023-12-04,-0.003217326745057189
2023-12-05,0.008725944778084393
2023-12-06,-0.008785761824438772
2023-12-07,0.002943670491343663
2023-12-08,0.0046392674272780375
2023-12-11,-0.004593653299477068
2023-12-12,0.0040525264946919895
2023-12-13,0.012066598017801742
2023-12-14,0.005599175642029795
2023-12-15,-0.0011979211616632032
2023-12-18,-7.946786748032317e-05
2023-12-19,0.007579308875481426
2023-12-20,-0.012679836081180241
2023-12-21,0.003236439322825038
2023-12-22,-0.000568593310253654
2023-12-26,0.0003762945847965779
2023-12-27,0.0023528145945091016
2023-12-28,0.0006291666677316314
2023-12-29,-0.0027643608241618863
2024-01-02,-0.008237877392856117
2024-01-03,-0.0027144017757300214
2024-01-04,-0.006685875330352677
2024-01-05,-0.0009398241495846286
2024-01-08,0.010250203147355936
2024-01-09,-0.002906270595299131
2024-01-10,0.0038561907221361246
2024-01-11,-0.0030106851188268394
2024-01-12,0.0015630650589124574
2024-01-16,-0.009936836311371437
2024-01-17,-0.004815207204974581
2024-01-18,0.017052327245580142
2024-01-19,0.010273673439273672
2024-01-22,0.005743031549481772
2024-01-23,0.0011852192858095524
2024-01-24,-0.0007052610197041873
2024-01-25,0.006796313566808441
2024-01-26,-0.0029816590207240048
2024-01-29,-0.00044623642223350286
2024-01-30,-0.0028723839314509915
2024-01-31,-0.013063125084890815
2024-02-01,0.0068513370996096945
2024-02-02,-0.001815255883908145
2024-02-05,0.002367238228556779
2024-02-06,0.007750270697193493
2024-02-07,0.0002189738936316797
2024-02-08,-0.0028224254956714383
2024-02-09,0.00020510233102540487
2024-02-12,-0.0001914235996476301
2024-02-13,-0.009623261747392529
2024-02-14,-0.0014399193383553893
2024-02-15,0.008778594985982689
2024-02-16,-0.003950900514478471
2024-02-20,0.0035614076939604936
2024-02-21,0.004004400400383128
2024-02-22,0.009955319448297606
2024-02-23,-0.0030108348787791592
2024-02-26,-0.0016889372226391419
2024-02-27,0.0034671692297735326
2024-02-28,-0.0009963177953194796
2024-02-29,-0.0019671038960393876
2024-03-01,-0.0013569131355116871
2024-03-04,-0.010849247891716917
2024-03-05,-0.0065238578509112756
2024-03-06,0.0007154696067320826
2024-03-07,-0.002579510594410993
2024-03-08,0.0054054106648390755
2024-03-11,0.008045788581672854
2024-03-12,0.005223114635832164
2024-03-13,-0.0034766940533692025
2024-03-14,0.000713965101472317
2024-03-15,0.00012276367130895533
2024-03-18,0.005789809979121877
2024-03-19,0.007231961890497622
2024-03-20,0.009491477474410712
2024-03-21,-0.012852750327199722
2024-03-22,-0.002518158035342457
2024-03-25,-0.0051506746675841365
2024-03-26,-0.0021737529978766894
2024-03-27,0.01607569881614041
2024-03-28,-0.0033387052756260007
2024-04-01,-0.004999475397798769
2024-04-02,-0.0028293820821002407
2024-04-03,-0.0005390249229153392
2024-04-04,-0.004436124259470595
2024-04-05,0.006260481429538069
2024-04-08,-0.0029360603458312633
2024-04-09,0.0023965964227381244
2024-04-10,-0.004965852885295846
2024-04-11,0.014324988667382544
2024-04-12,-0.013565451304007364
2024-04-15,-0.01015766850872673
2024-04-16,-0.013931479739486729
2024-04-17,-0.004530203204394361
2024-04-18,-0.0012709457546897969
2024-04-19,0.004214321380513845
2024-04-22,0.009482498192449071
2024-04-23,0.004014365808140972
2024-04-24,0.007383486115761797
2024-04-25,0.0022868639832811267
2024-04-26,-0.005041488891127505
2024-04-29,0.01194074881395531
2024-04-30,-0.014409817018524786
2024-05-01,-0.000937403138141622
2024-05-02,0.010029762388894973
2024-05-03,0.022416763996064622
2024-05-06,-0.0017899634933814304
2024-05-07,0.002660185024937981
2024-05-08,0.0047112332039706585
2024-05-09,0.009853013576259007
2024-05-10,-0.0017311240685742373
2024-05-13,0.00798400185981327
2024-05-14,0.005235700004800046
2024-05-15,0.007438326426055237
2024-05-16,0.010746359191746187
2024-05-17,0.005915526143031063
2024-05-20,-0.011071248066784771
2024-05-21,0.008788954237036814
2024-05-22,-0.004908526443209985
2024-05-23,-0.01582239778290296
2024-05-24,0.010549662096118123
2024-05-28,-0.0025923904313243607
2024-05-29,-0.00223682469995942
2024-05-30,0.004430127366376126
2024-05-31,0.011646187891542122
2024-06-03,0.0013931949072939311
2024-06-04,-0.0020043092055082486
2024-06-05,0.0015248542442994105
2024-06-06,-0.002265482840148769
2024-06-07,0.0051544130829014575
2024-06-10,-0.005888076534854478
2024-06-11,0.023254067169896014
2024-06-12,0.00676709478168169
2024-06-13,0.004928021468164863
2024-06-14,-0.003634397581704196
2024-06-17,0.010689695038647033
2024-06-18,-0.0018114348002406632
2024-06-20,-0.0037208491884198934
2024-06-21,-0.007667045847269279
2024-06-24,0.009404996292247282
2024-06-25,-0.003124995151111047
2024-06-26,0.009882607856562208
2024-06-27,0.0025114630294059345
2024-06-28,-0.003999788712808632
2024-07-01,0.015774246785276797
2024-07-02,0.011175519049904018
2024-07-03,0.0031093957954336383
2024-07-05,0.010076587616313337
2024-07-08,0.0010579835813739336
2024-07-09,0.004689112612744762
2024-07-10,0.012090116935996124
2024-07-11,-0.011240168783543506
2024-07-12,0.0023694929953828837
2024-07-15,0.014820873487384686
2024-07-16,0.006905941027617125
2024-07-17,-0.0017407543773470353
2024-07-18,-0.016515901031584512
2024-07-19,-0.002723878462851523
2024-07-22,-0.0018816842665765406
2024-07-23,7.807805271154374e-05
2024-07-24,-0.011291796579836288
2024-07-25,0.0007644164637138817
2024-07-26,0.004667937201957726
2024-07-29,-0.003478261670262316
2024-07-30,0.008072628465090702
2024-07-31,0.001227387578658809
2024-08-01,-0.009638965809067866
2024-08-02,-0.006866018760079419
2024-08-05,-0.03196283179768358
2024-08-06,-0.00011371304090255054
2024-08-07,0.004950218375764739
2024-08-08,0.015468984779748278
2024-08-09,0.009523632570714861
2024-08-12,0.00481518306673164
2024-08-13,0.006383276175363029
2024-08-14,0.005325168129695698
2024-08-15,0.01766193584120223
2024-08-16,0.005779317086413645
2024-08-19,0.0021472682350504447
2024-08-20,-0.0008502026362925993
2024-08-21,0.0014716546018464516
2024-08-22,0.00028768801415953593
2024-08-23,0.008749144527487053
2024-08-26,0.004411423991826952
2024-08-27,0.0017141937621655313
2024-08-28,-0.00232800497201279
2024-08-29,0.009403618222449325
2024-08-30,0.003431706277762393
2024-09-03,-0.01775690129162578
2024-09-04,-0.005573752676007324
2024-09-05,-0.0013844332075198926
2024-09-06,-0.00971380949831579
2024-09-09,0.00920757826077259
2024-09-10,-0.01274876757104218
2024-09-11,0.00438521575579554
2024-09-12,0.0023656054248837543
2024-09-13,-0.0004284133378508965
2024-09-16,-0.006650134149791906
2024-09-17,-0.00048122805255087673
2024-09-18,0.006664394029754243
2024-09-19,0.01731407417478735
2024-09-20,0.000394791058541726
2024-09-23,0.0006230655468888066
2024-09-24,0.0020786708919611797
2024-09-25,-0.004934325109099602
2024-09-26,-0.002237606358523116
2024-09-27,0.003335821758692517
2024-09-30,0.01386077337151246
2024-10-01,-0.01377565923652126
2024-10-02,0.0004198890715129075
2024-10-03,-0.003771955768752551
2024-10-04,0.012045344403353577
2024-10-07,-0.01396591932356441
2024-10-08,0.006498082551191439
2024-10-09,0.011919394360869869
2024-10-10,-0.002378867762214008
2024-10-11,0.008300676502077218
2024-10-14,0.007170620894990265
2024-10-15,0.00697081963415886
2024-10-16,-0.003204675753338351
2024-10-17,0.0006789146944765576
2024-10-18,0.007213925724254049
2024-10-21,-0.0017261015833713146
2024-10-22,0.003088219353759134
2024-10-23,-0.006773982028908588
2024-10-24,-0.0010716729269029813
2024-10-25,-0.003716014453045988
2024-10-28,0.00726988425230426
2024-10-29,-0.00615183618741113
2024-10-30,-0.006073654433500012
2024-10-31,-0.009708332181414174
2024-11-01,-0.005561701481051948
2024-11-04,-0.0026083010763514615
2024-11-05,0.0072707702831422225
2024-11-06,0.024265057974425852
2024-11-07,-0.0010543868231732642
2024-11-08,0.0012266750739581883
2024-11-11,-0.004866656498029735
2024-11-12,0.00031544031947289183
2024-11-13,0.0054027459606448515
2024-11-14,0.0037691388322500796
2024-11-15,-0.002906476320943862
2024-11-18,0.006251184600842912
2024-11-19,0.0012327421241192782
2024-11-20,0.0016028526241409229
2024-11-21,0.007755194632497738
2024-11-22,0.00964529161976341
2024-11-25,0.004307343208939103
2024-11-26,0.005599745720910086
2024-11-27,0.0009285504649220097
2024-11-29,0.005425710061199958
2024-12-02,0.0009440172661509206
2024-12-03,0.004320522655073835
2024-12-04,-0.0024096693393869085
2024-12-05,0.00337189528219718
2024-12-06,0.0011053020957446397
2024-12-09,-3.9630519903582146e-05
2024-12-10,0.0019166070581238441
2024-12-11,-0.0028773872781593223
2024-12-12,-0.0011007229847702891
2024-12-13,-0.0009663628481577915
2024-12-16,0.002787678285779587
2024-12-17,0.005321685159195702
2024-12-18,-0.02264285757136467
2024-12-19,0.0039490757017759184
2024-12-20,0.011305567154526483
2024-12-23,-0.0006442830496031755
2024-12-24,0.013462286096361496
2024-12-26,0.002314170378409133
2024-12-27,-0.01023243029976142
2024-12-30,-0.011251479209577347
2024-12-31,-0.0012300675666369139
2025-01-02,-0.012839079188246205
2025-01-03,0.004135802584696807
2025-01-06,0.0027217794388568065
2025-01-07,-0.0018981202335832598
2025-01-08,-0.0008289058575479615
2025-01-10,-0.011890246969723371
2025-01-13,0.0001921750517906935
2025-01-14,8.082298013410243e-05
2025-01-15,0.01544351649212076
2025-01-16,-0.014388446068014473
2025-01-17,0.009278875592530746
2025-01-21,-0.0076264416990038785
2025-01-22,-0.0007755781004227226
2025-01-23,0.0049458288263071176
2025-01-24,-0.001850381279791908
2025-01-27,0.023193161660844484
2025-01-28,0.012997817557499647
2025-01-29,0.002685214894689103
2025-01-30,0.002047376079451296
2025-01-31,-0.006892053627860305
2025-02-03,-0.012085907644724439
2025-02-04,0.014771587376489379
2025-02-05,0.005348274980978315
2025-02-06,0.00616652510419677
2025-02-07,-0.013795827898819968
2025-02-10,0.0015099889411562008
2025-02-11,0.012982536274178754
2025-02-12,0.007027924235399328
2025-02-13,0.012964037153387271
2025-02-14,0.0031910088754837263
2025-02-18,0.003614166404964899
2025-02-19,0.002090077904097879
2025-02-20,-0.019201541850187052
2025-02-21,-0.006656831979357348
2025-02-24,-0.0007056640662231072
2025-02-25,0.0038043459570950315
2025-02-26,-0.014950617333935922
2025-02-27,-0.0032306817833642624
2025-02-28,0.01782122065979367
2025-03-03,-0.01344090499920901
2025-03-04,-0.0191717396378989
2025-03-05,0.001008421519672524
2025-03-06,-0.005831955585177039
2025-03-07,-0.0011433220129265205
2025-03-10,-0.03550917977717051
2025-03-11,-0.01936009884888904
2025-03-12,-0.01489956430548148
2025-03-13,-0.01866045231848203
2025-03-14,0.018876198633909807
2025-03-17,0.008149236556669043
2025-03-18,-0.004479394921752002
2025-03-19,0.011059737723706985
2025-03-20,-0.002902498569238009
2025-03-21,0.011321761841548374
2025-03-24,0.01377763560898395
2025-03-25,0.0025572544441751503
2025-03-26,-0.0016744969806325332
2025-03-27,0.0028749757412648747
2025-03-28,-0.016916426807453207
2025-03-31,0.01755653151311495
2025-04-01,-0.00473269887036803
2025-04-02,0.006086592181369986
2025-04-03,-0.06358149150530625
2025-04-04,-0.06769751820851189
2025-04-07,-0.011669387989502629
2025-04-08,-0.02376628703866825
2025-04-09,0.09576934628526118
2025-04-10,-0.02867061642477492
2025-04-11,0.034097274236604184
2025-04-14,0.012834759440353618
2025-04-15,-0.004575725528949457
2025-04-16,-0.023908396952810086
2025-04-17,0.016440476514709156
2025-04-21,-0.013943805090547923
2025-04-22,0.027641777224314937
2025-04-23,0.012764984909135016
2025-04-24,0.013384485995735952
2025-04-25,-0.0010735390137546468
2025-04-28,0.0020659615417424632
2025-04-29,0.005124561487354812
2025-04-30,0.0029345520955134335
2025-05-01,0.003093879666835968
2025-05-02,-0.005625979385837126
2025-05-05,-0.014021562743411495
2025-05-06,-0.004744298383182455
2025-05-07,-0.0020453050279041073
2025-05-08,0.0038013617453812225
2025-05-09,0.000777444585845168
2025-05-12,0.03188473160492122
2025-05-13,0.0020827626592656284
2025-05-14,0.0013012463225719327
2025-05-15,0.0018981092324270076
2025-05-16,0.004034568486894231
2025-05-19,-0.008021589121104256
2025-05-20,-0.003920729992873678
2025-05-21,-0.01743166023777978
2025-05-22,-0.0036151344665620298
2025-05-23,-0.010561815092403842
2025-05-27,0.017729969598622886
2025-05-28,-0.0036128255341765225
2025-05-29,0.0008237425537997633
2025-05-30,0.0051895465254611535
2025-06-02,0.004989703495143383
2025-06-03,0.004908997573328499
2025-06-04,-0.005907362912793207
2025-06-05,-0.009180131002472558
2025-06-06,0.011609433856202285
2025-06-09,-0.0030417939175887234
2025-06-10,0.006277014454534702
2025-06-11,-0.00979077591434346
2025-06-12,0.00012265488290062976
2025-06-13,-0.007059465828627099
2025-06-16,0.00787696635991581
2025-06-17,-0.006642949021681868
2025-06-18,0.006155030517233476
2025-06-20,0.011918989985341891
2025-06-23,0.006063429805616533
2025-06-24,-0.0012136085135790657
2025-06-25,0.003649381833899135
2025-06-26,0.002116372245090918
2025-06-27,0.0007571524519214452
2025-06-30,0.010115764837107877
2025-07-01,0.009018595670770986
2025-07-02,0.009742598102422966
2025-07-03,0.009440514315598657
2025-07-07,-0.00950242782366275
2025-07-08,-0.010108005026379655
2025-07-09,0.0018553312483645713
2025-07-10,0.004944208626397645
2025-07-11,-0.0044233578080414395
2025-07-14,-0.0014401588725956522
2025-07-15,-0.0035443107270285053
2025-07-16,0.005666878978593526
2025-07-17,0.0020048778079419976
2025-07-18,0.0008074282794118007
2025-07-21,0.003788716362795826
2025-07-22,0.006531684962005169
2025-07-23,0.005796852184632054
2025-07-24,0.0016914771971598703
2025-07-25,0.00272343523576435
2025-07-28,-0.00013971700298095276
2025-07-29,-0.0026283007596085662
2025-07-30,-0.004104289754445788
2025-07-31,-0.0066179550936760695
2025-08-01,-0.014802283059184393
2025-08-04,0.008777011199426784
2025-08-05,-0.004254267296505047
2025-08-06,0.02527269158678828
2025-08-07,0.007552208480805775
2025-08-08,0.020399650172175373
2025-08-11,-0.0026320358600701544
2025-08-12,0.006242208024588798
2025-08-13,0.0014658998476238963
2025-08-14,0.002013203959304827
2025-08-15,-0.005265606004457425
2025-08-18,0.0009251265863443856
2025-08-19,0.0010382294882515558
2025-08-20,-0.0027575477723485605
2025-08-21,-0.010308778845172117
2025-08-22,0.008791631892989807
2025-08-25,-0.0037199083017397556
2025-08-26,0.006388629988823026
2025-08-27,0.003743609868697718
2025-08-28,0.0048486439787297575
2025-08-29,0.002701655107460311
2025-09-02,-0.0033107948828724897
2025-09-03,0.015366152439179168
2025-09-04,0.009191228799169927
2025-09-05,-0.011352372733384856
2025-09-08,-0.0009379321828344577
2025-09-09,-0.001677361766686255
2025-09-10,-0.013045177035050072
2025-09-11,0.014956509634615804
2025-09-12,0.009137023006191692
2025-09-15,0.006182215623182382
2025-09-16,0.0032771047110267365
2025-09-17,0.005789955454229904
2025-09-18,-0.004191983395353306
2025-09-19,0.01185721129719536
2025-09-22,0.014370195688747494
2025-09-23,-0.00042171943204588326
2025-09-24,-0.0020190842591325995
2025-09-25,0.009029292632715045
2025-09-26,0.0021416152788625072
2025-09-29,-0.0030967844735768444
2025-09-30,0.0009922256409582953
2025-10-01,-0.004588850935787629
2025-10-02,-0.0008562282170572749
2025-10-03,0.006694519633092167
2025-10-06,-0.00015150819257777002
2025-10-07,-0.00026477380746993
2025-10-08,-0.0008316822295983164
2025-10-09,-0.007080287935732385
2025-10-10,-0.019572022719896064
2025-10-13,0.011413968539507947
2025-10-14,0.003802911584047156
2025-10-15,0.008250828840941674
2025-10-16,-0.01342952604245568
2025-10-17,0.010681458837726077
2025-10-20,0.01910651542341108
2025-10-21,-0.005725219796479287
2025-10-22,-0.005918548313605797
2025-10-23,0.0022819095430711804
2025-10-24,0.007389853505172294
2025-10-27,0.009903599119615102
2025-10-28,-0.0030677969904160424
2025-10-29,0.000816358341510571
2025-10-30,0.005495165151272665
2025-10-31,-0.002242423267142572
2025-11-03,-0.004478959362418242
2025-11-04,0.0031032430052562467
2025-11-05,0.00010451727179280311
2025-11-06,0.0021691510837169073
2025-11-07,0.0016480157598843547
2025-11-10,0.005293529613350015
2025-11-11,0.01312374995767379
2025-11-12,0.00029143857180050867
2025-11-13,-0.010062234784868075
2025-11-14,-0.004303997622902925
2025-11-17,-0.008793796939018862
2025-11-18,-0.002255238131299741
2025-11-19,0.0037266231254866875
2025-11-20,0.0030452029539036088
2025-11-21,0.005369402424130987
2025-11-24,0.0050985616210655164
2025-11-25,0.010225009866753447
2025-11-26,0.008412057225729908
2025-11-28,0.008799848917643287
2025-12-01,0.004398745296518555
2025-12-02,0.004402174502141258
2025-12-03,0.004770701200812999
2025-12-04,-0.003120713859104573
2025-12-05,-0.0038664922883409505
2025-12-08,-0.004083159844891587
2025-12-09,-0.009492195290139139
2025-12-10,0.010812934946426567
2025-12-11,0.009693631945014583
2025-12-12,0.003691205838301432
2025-12-15,-0.004301135180302711
2025-12-16,-0.008985415464924441
2025-12-17,-0.0020062529744027413
2025-12-18,-0.0037963678919483964
2025-12-19,0.003917519472517245
2025-12-22,-0.0008591996107786552
2025-12-23,0.0016907276524141682
2025-12-24,0.006553204040388337
2025-12-26,-0.0015108912011586463
2025-12-29,-0.0005942585477560267
2025-12-30,-0.002225019663398911
2025-12-31,-0.003919078340858914
